/*
 Navicat Premium Data Transfer

 Source Server         : 127.0.0.1
 Source Server Type    : MySQL
 Source Server Version : 50725
 Source Host           : localhost:3306
 Source Schema         : doanjava

 Target Server Type    : MySQL
 Target Server Version : 50725
 File Encoding         : 65001

 Date: 16/06/2019 21:49:37
*/

SET NAMES utf8mb4;
SET FOREIGN_KEY_CHECKS = 0;

-- ----------------------------
-- Table structure for ai
-- ----------------------------
DROP TABLE IF EXISTS `ai`;
CREATE TABLE `ai`  (
  `mamon` varchar(10) CHARACTER SET utf8 COLLATE utf8_unicode_ci NOT NULL,
  `ai` varchar(2) CHARACTER SET utf8 COLLATE utf8_unicode_ci NOT NULL,
  `tile` float(255, 2) NULL DEFAULT NULL,
  `g1` float(255, 2) NULL DEFAULT NULL,
  `g2` float(255, 2) NULL DEFAULT NULL,
  `g3` float(255, 2) NULL DEFAULT NULL,
  `g4` float(255, 2) NULL DEFAULT NULL,
  PRIMARY KEY (`mamon`, `ai`) USING BTREE,
  INDEX `mamon`(`mamon`) USING BTREE,
  INDEX `ai`(`ai`) USING BTREE,
  CONSTRAINT `fk_ai.mamon` FOREIGN KEY (`mamon`) REFERENCES `monhoc` (`mamon`) ON DELETE RESTRICT ON UPDATE RESTRICT
) ENGINE = InnoDB CHARACTER SET = utf8 COLLATE = utf8_unicode_ci ROW_FORMAT = Dynamic;

-- ----------------------------
-- Records of ai
-- ----------------------------
INSERT INTO `ai` VALUES ('IE102', 'A1', 0.10, 0.00, 0.10, 0.00, 0.00);
INSERT INTO `ai` VALUES ('IE102', 'A2', 0.30, 0.00, 0.00, 0.15, 0.15);
INSERT INTO `ai` VALUES ('IE102', 'A3', 0.20, 0.10, 0.00, 0.00, 0.10);
INSERT INTO `ai` VALUES ('IE102', 'A4', 0.50, 0.25, 0.00, 0.00, 0.25);
INSERT INTO `ai` VALUES ('IE103', 'A1', 0.10, 0.00, 0.10, 0.00, 0.00);
INSERT INTO `ai` VALUES ('IE103', 'A2', 0.20, 0.00, 0.10, 0.10, 0.00);
INSERT INTO `ai` VALUES ('IE103', 'A3', 0.20, 0.00, 0.00, 0.10, 0.10);
INSERT INTO `ai` VALUES ('IE103', 'A4', 0.50, 0.25, 0.00, 0.00, 0.25);
INSERT INTO `ai` VALUES ('IE104', 'A1', 0.20, 0.20, 0.00, 0.00, 0.00);
INSERT INTO `ai` VALUES ('IE104', 'A2', 0.20, 0.00, 0.10, 0.00, 0.10);
INSERT INTO `ai` VALUES ('IE104', 'A3', 0.10, 0.00, 0.00, 0.10, 0.00);
INSERT INTO `ai` VALUES ('IE104', 'A4', 0.50, 0.25, 0.00, 0.25, 0.00);
INSERT INTO `ai` VALUES ('IE106', 'A1', 0.10, 0.00, 0.10, 0.00, 0.00);
INSERT INTO `ai` VALUES ('IE106', 'A2', 0.20, 0.00, 0.10, 0.10, 0.00);
INSERT INTO `ai` VALUES ('IE106', 'A3', 0.20, 0.00, 0.00, 0.10, 0.10);
INSERT INTO `ai` VALUES ('IE106', 'A4', 0.50, 0.25, 0.00, 0.00, 0.25);
INSERT INTO `ai` VALUES ('IE107', 'A1', 0.10, 0.00, 0.00, 0.10, 0.00);
INSERT INTO `ai` VALUES ('IE107', 'A2', 0.20, 0.00, 0.10, 0.10, 0.00);
INSERT INTO `ai` VALUES ('IE107', 'A3', 0.20, 0.00, 0.00, 0.10, 0.10);
INSERT INTO `ai` VALUES ('IE107', 'A4', 0.50, 0.25, 0.00, 0.00, 0.25);
INSERT INTO `ai` VALUES ('IE201', 'A1', 0.20, 0.20, 0.00, 0.00, 0.00);
INSERT INTO `ai` VALUES ('IE201', 'A2', 0.20, 0.00, 0.10, 0.00, 0.10);
INSERT INTO `ai` VALUES ('IE201', 'A3', 0.10, 0.00, 0.00, 0.10, 0.00);
INSERT INTO `ai` VALUES ('IE201', 'A4', 0.50, 0.25, 0.00, 0.25, 0.00);
INSERT INTO `ai` VALUES ('IE202', 'A1', 0.10, 0.00, 0.10, 0.00, 0.00);
INSERT INTO `ai` VALUES ('IE202', 'A2', 0.20, 0.00, 0.00, 0.10, 0.10);
INSERT INTO `ai` VALUES ('IE202', 'A3', 0.20, 0.10, 0.00, 0.00, 0.10);
INSERT INTO `ai` VALUES ('IE202', 'A4', 0.50, 0.25, 0.00, 0.00, 0.25);
INSERT INTO `ai` VALUES ('IE203', 'A1', 0.10, 0.00, 0.10, 0.00, 0.00);
INSERT INTO `ai` VALUES ('IE203', 'A2', 0.20, 0.00, 0.10, 0.10, 0.00);
INSERT INTO `ai` VALUES ('IE203', 'A3', 0.20, 0.00, 0.00, 0.10, 0.10);
INSERT INTO `ai` VALUES ('IE203', 'A4', 0.50, 0.25, 0.00, 0.00, 0.25);
INSERT INTO `ai` VALUES ('IE204', 'A1', 0.10, 0.00, 0.00, 0.10, 0.00);
INSERT INTO `ai` VALUES ('IE204', 'A2', 0.20, 0.00, 0.10, 0.10, 0.00);
INSERT INTO `ai` VALUES ('IE204', 'A3', 0.20, 0.00, 0.00, 0.10, 0.10);
INSERT INTO `ai` VALUES ('IE204', 'A4', 0.50, 0.25, 0.00, 0.00, 0.25);
INSERT INTO `ai` VALUES ('IE205', 'A1', 0.10, 0.00, 0.00, 0.10, 0.00);
INSERT INTO `ai` VALUES ('IE205', 'A2', 0.10, 0.10, 0.00, 0.00, 0.00);
INSERT INTO `ai` VALUES ('IE205', 'A3', 0.20, 0.00, 0.00, 0.10, 0.10);
INSERT INTO `ai` VALUES ('IE205', 'A4', 0.60, 0.00, 0.30, 0.00, 0.30);
INSERT INTO `ai` VALUES ('IE206', 'A1', 0.10, 0.10, 0.00, 0.00, 0.00);
INSERT INTO `ai` VALUES ('IE206', 'A2', 0.20, 0.00, 0.10, 0.00, 0.10);
INSERT INTO `ai` VALUES ('IE206', 'A3', 0.20, 0.00, 0.00, 0.10, 0.10);
INSERT INTO `ai` VALUES ('IE206', 'A4', 0.50, 0.25, 0.00, 0.00, 0.25);
INSERT INTO `ai` VALUES ('IE208', 'A1', 0.10, 0.00, 0.10, 0.00, 0.00);
INSERT INTO `ai` VALUES ('IE208', 'A2', 0.20, 0.00, 0.10, 0.10, 0.00);
INSERT INTO `ai` VALUES ('IE208', 'A3', 0.20, 0.00, 0.00, 0.10, 0.10);
INSERT INTO `ai` VALUES ('IE208', 'A4', 0.50, 0.25, 0.00, 0.00, 0.25);
INSERT INTO `ai` VALUES ('IE209', 'A1', 0.10, 0.00, 0.10, 0.00, 0.00);
INSERT INTO `ai` VALUES ('IE209', 'A2', 0.30, 0.00, 0.00, 0.15, 0.15);
INSERT INTO `ai` VALUES ('IE209', 'A3', 0.20, 0.10, 0.00, 0.00, 0.10);
INSERT INTO `ai` VALUES ('IE209', 'A4', 0.50, 0.25, 0.00, 0.00, 0.25);
INSERT INTO `ai` VALUES ('IE210', 'A1', 0.10, 0.00, 0.10, 0.00, 0.00);
INSERT INTO `ai` VALUES ('IE210', 'A2', 0.20, 0.00, 0.10, 0.10, 0.00);
INSERT INTO `ai` VALUES ('IE210', 'A3', 0.20, 0.00, 0.00, 0.10, 0.10);
INSERT INTO `ai` VALUES ('IE210', 'A4', 0.50, 0.25, 0.00, 0.00, 0.25);
INSERT INTO `ai` VALUES ('IT001', 'A1', 0.20, 0.20, 0.00, 0.00, 0.00);
INSERT INTO `ai` VALUES ('IT001', 'A2', 0.20, 0.00, 0.10, 0.00, 0.10);
INSERT INTO `ai` VALUES ('IT001', 'A3', 0.10, 0.00, 0.00, 0.10, 0.00);
INSERT INTO `ai` VALUES ('IT001', 'A4', 0.50, 0.25, 0.00, 0.25, 0.00);
INSERT INTO `ai` VALUES ('IT002', 'A1', 0.10, 0.00, 0.10, 0.00, 0.00);
INSERT INTO `ai` VALUES ('IT002', 'A2', 0.20, 0.00, 0.10, 0.10, 0.00);
INSERT INTO `ai` VALUES ('IT002', 'A3', 0.20, 0.00, 0.00, 0.10, 0.10);
INSERT INTO `ai` VALUES ('IT002', 'A4', 0.50, 0.25, 0.00, 0.00, 0.25);
INSERT INTO `ai` VALUES ('IT003', 'A1', 0.10, 0.00, 0.00, 0.10, 0.00);
INSERT INTO `ai` VALUES ('IT003', 'A2', 0.20, 0.00, 0.10, 0.10, 0.00);
INSERT INTO `ai` VALUES ('IT003', 'A3', 0.20, 0.00, 0.00, 0.10, 0.10);
INSERT INTO `ai` VALUES ('IT003', 'A4', 0.50, 0.25, 0.00, 0.00, 0.25);
INSERT INTO `ai` VALUES ('IT004', 'A1', 0.20, 0.20, 0.00, 0.00, 0.00);
INSERT INTO `ai` VALUES ('IT004', 'A2', 0.20, 0.00, 0.10, 0.00, 0.10);
INSERT INTO `ai` VALUES ('IT004', 'A3', 0.10, 0.00, 0.00, 0.10, 0.00);
INSERT INTO `ai` VALUES ('IT004', 'A4', 0.50, 0.25, 0.00, 0.25, 0.00);
INSERT INTO `ai` VALUES ('IT005', 'A1', 0.10, 0.00, 0.10, 0.00, 0.00);
INSERT INTO `ai` VALUES ('IT005', 'A2', 0.20, 0.00, 0.00, 0.10, 0.10);
INSERT INTO `ai` VALUES ('IT005', 'A3', 0.20, 0.10, 0.00, 0.00, 0.10);
INSERT INTO `ai` VALUES ('IT005', 'A4', 0.50, 0.25, 0.00, 0.00, 0.25);
INSERT INTO `ai` VALUES ('IT006', 'A1', 0.10, 0.00, 0.10, 0.00, 0.00);
INSERT INTO `ai` VALUES ('IT006', 'A2', 0.20, 0.00, 0.10, 0.10, 0.00);
INSERT INTO `ai` VALUES ('IT006', 'A3', 0.20, 0.00, 0.00, 0.10, 0.10);
INSERT INTO `ai` VALUES ('IT006', 'A4', 0.50, 0.25, 0.00, 0.00, 0.25);
INSERT INTO `ai` VALUES ('IT007', 'A1', 0.10, 0.00, 0.00, 0.10, 0.00);
INSERT INTO `ai` VALUES ('IT007', 'A2', 0.20, 0.00, 0.10, 0.10, 0.00);
INSERT INTO `ai` VALUES ('IT007', 'A3', 0.20, 0.00, 0.00, 0.10, 0.10);
INSERT INTO `ai` VALUES ('IT007', 'A4', 0.50, 0.25, 0.00, 0.00, 0.25);
INSERT INTO `ai` VALUES ('IT008', 'A1', 0.10, 0.00, 0.00, 0.10, 0.00);
INSERT INTO `ai` VALUES ('IT008', 'A2', 0.10, 0.10, 0.00, 0.00, 0.00);
INSERT INTO `ai` VALUES ('IT008', 'A3', 0.20, 0.00, 0.00, 0.10, 0.10);
INSERT INTO `ai` VALUES ('IT008', 'A4', 0.60, 0.00, 0.30, 0.00, 0.30);
INSERT INTO `ai` VALUES ('IT009', 'A1', 0.10, 0.10, 0.00, 0.00, 0.00);
INSERT INTO `ai` VALUES ('IT009', 'A2', 0.20, 0.00, 0.10, 0.00, 0.10);
INSERT INTO `ai` VALUES ('IT009', 'A3', 0.20, 0.00, 0.00, 0.10, 0.10);
INSERT INTO `ai` VALUES ('IT009', 'A4', 0.50, 0.25, 0.00, 0.00, 0.25);
INSERT INTO `ai` VALUES ('IT010', 'A1', 0.10, 0.00, 0.10, 0.00, 0.00);
INSERT INTO `ai` VALUES ('IT010', 'A2', 0.20, 0.00, 0.10, 0.10, 0.00);
INSERT INTO `ai` VALUES ('IT010', 'A3', 0.20, 0.00, 0.00, 0.10, 0.10);
INSERT INTO `ai` VALUES ('IT010', 'A4', 0.50, 0.25, 0.00, 0.00, 0.25);

-- ----------------------------
-- Table structure for bangdiema1
-- ----------------------------
DROP TABLE IF EXISTS `bangdiema1`;
CREATE TABLE `bangdiema1`  (
  `mssv` varchar(10) CHARACTER SET utf8 COLLATE utf8_unicode_ci NOT NULL,
  `malop` varchar(10) CHARACTER SET utf8 COLLATE utf8_unicode_ci NOT NULL,
  `tongdiema1` float(4, 2) NULL DEFAULT NULL,
  PRIMARY KEY (`mssv`, `malop`) USING BTREE,
  INDEX `fk_bangdiema1.malop`(`malop`) USING BTREE,
  CONSTRAINT `fk_bangdiema1.malop` FOREIGN KEY (`malop`) REFERENCES `lophoc` (`malophoc`) ON DELETE RESTRICT ON UPDATE RESTRICT,
  CONSTRAINT `fk_bangdiema1.mssv` FOREIGN KEY (`mssv`) REFERENCES `sinhvien` (`mssv`) ON DELETE RESTRICT ON UPDATE RESTRICT
) ENGINE = InnoDB CHARACTER SET = utf8 COLLATE = utf8_unicode_ci ROW_FORMAT = Dynamic;

-- ----------------------------
-- Records of bangdiema1
-- ----------------------------
INSERT INTO `bangdiema1` VALUES ('17521110', 'IE209.L02', 0.00);
INSERT INTO `bangdiema1` VALUES ('17521110', 'IT001.L01', 0.00);
INSERT INTO `bangdiema1` VALUES ('20150001', 'IE209.J01', 5.00);
INSERT INTO `bangdiema1` VALUES ('20150001', 'IT001.J02', 9.00);
INSERT INTO `bangdiema1` VALUES ('20150001', 'IT002.K01', 8.50);
INSERT INTO `bangdiema1` VALUES ('20150002', 'IE209.J01', 6.00);
INSERT INTO `bangdiema1` VALUES ('20150002', 'IT001.J02', 7.00);
INSERT INTO `bangdiema1` VALUES ('20150002', 'IT002.K01', 9.00);
INSERT INTO `bangdiema1` VALUES ('20150003', 'IE209.J01', 8.00);
INSERT INTO `bangdiema1` VALUES ('20150003', 'IT001.J02', 6.00);
INSERT INTO `bangdiema1` VALUES ('20150003', 'IT002.K01', 8.00);
INSERT INTO `bangdiema1` VALUES ('20150004', 'IE209.J01', 4.00);
INSERT INTO `bangdiema1` VALUES ('20150004', 'IT001.J02', 8.00);
INSERT INTO `bangdiema1` VALUES ('20150004', 'IT002.K01', 9.00);
INSERT INTO `bangdiema1` VALUES ('20150005', 'IE209.K01', 8.00);
INSERT INTO `bangdiema1` VALUES ('20150005', 'IT001.J02', 10.00);
INSERT INTO `bangdiema1` VALUES ('20150005', 'IT002.K01', 10.00);
INSERT INTO `bangdiema1` VALUES ('20150006', 'IE209.K01', 7.00);
INSERT INTO `bangdiema1` VALUES ('20150006', 'IT001.J02', 9.00);
INSERT INTO `bangdiema1` VALUES ('20150006', 'IT002.K01', 10.00);
INSERT INTO `bangdiema1` VALUES ('20150007', 'IE209.K01', 10.00);
INSERT INTO `bangdiema1` VALUES ('20150007', 'IT001.J02', 9.00);
INSERT INTO `bangdiema1` VALUES ('20150007', 'IT002.K01', 9.00);
INSERT INTO `bangdiema1` VALUES ('20150008', 'IE209.K01', 5.00);
INSERT INTO `bangdiema1` VALUES ('20150008', 'IT001.J02', 9.00);
INSERT INTO `bangdiema1` VALUES ('20150008', 'IT002.K01', 8.50);
INSERT INTO `bangdiema1` VALUES ('20150009', 'IE209.J01', 7.00);
INSERT INTO `bangdiema1` VALUES ('20150009', 'IT001.J02', 9.00);
INSERT INTO `bangdiema1` VALUES ('20150009', 'IT002.K01', 7.50);
INSERT INTO `bangdiema1` VALUES ('20150010', 'IE209.J01', 6.00);
INSERT INTO `bangdiema1` VALUES ('20150010', 'IT001.J02', 8.00);
INSERT INTO `bangdiema1` VALUES ('20150010', 'IT002.K01', 9.00);
INSERT INTO `bangdiema1` VALUES ('20150011', 'IE209.J01', 9.00);
INSERT INTO `bangdiema1` VALUES ('20150011', 'IT001.J02', 7.00);
INSERT INTO `bangdiema1` VALUES ('20150011', 'IT002.K01', 9.00);
INSERT INTO `bangdiema1` VALUES ('20150012', 'IE209.J01', 4.00);
INSERT INTO `bangdiema1` VALUES ('20150012', 'IT001.J02', 10.00);
INSERT INTO `bangdiema1` VALUES ('20150012', 'IT002.K01', 9.50);
INSERT INTO `bangdiema1` VALUES ('20150013', 'IE209.J01', 8.00);
INSERT INTO `bangdiema1` VALUES ('20150013', 'IT001.J02', 9.00);
INSERT INTO `bangdiema1` VALUES ('20150013', 'IT002.K01', 6.50);
INSERT INTO `bangdiema1` VALUES ('20150014', 'IE209.J01', 5.00);
INSERT INTO `bangdiema1` VALUES ('20150014', 'IT001.J02', 8.00);
INSERT INTO `bangdiema1` VALUES ('20150014', 'IT002.K01', 8.00);
INSERT INTO `bangdiema1` VALUES ('20150015', 'IE209.J01', 7.00);
INSERT INTO `bangdiema1` VALUES ('20150015', 'IT001.J02', 9.00);
INSERT INTO `bangdiema1` VALUES ('20150015', 'IT002.K01', 8.00);
INSERT INTO `bangdiema1` VALUES ('20150016', 'IE209.J01', 9.00);
INSERT INTO `bangdiema1` VALUES ('20150016', 'IT001.J02', 8.00);
INSERT INTO `bangdiema1` VALUES ('20150016', 'IT002.K01', 9.00);
INSERT INTO `bangdiema1` VALUES ('20150017', 'IE209.J01', 8.00);
INSERT INTO `bangdiema1` VALUES ('20150017', 'IT001.J02', 9.00);
INSERT INTO `bangdiema1` VALUES ('20150017', 'IT002.K01', 8.00);
INSERT INTO `bangdiema1` VALUES ('20150018', 'IE209.J01', 5.00);
INSERT INTO `bangdiema1` VALUES ('20150018', 'IT001.J02', 7.00);
INSERT INTO `bangdiema1` VALUES ('20150018', 'IT002.K01', 9.00);
INSERT INTO `bangdiema1` VALUES ('20150019', 'IE209.J01', 6.00);
INSERT INTO `bangdiema1` VALUES ('20150019', 'IT001.J02', 6.00);
INSERT INTO `bangdiema1` VALUES ('20150019', 'IT002.K01', 7.00);
INSERT INTO `bangdiema1` VALUES ('20150020', 'IE209.J01', 8.00);
INSERT INTO `bangdiema1` VALUES ('20150020', 'IT001.J02', 8.00);
INSERT INTO `bangdiema1` VALUES ('20150020', 'IT002.K01', 8.00);
INSERT INTO `bangdiema1` VALUES ('20150021', 'IE209.J02', 9.00);
INSERT INTO `bangdiema1` VALUES ('20150021', 'IT001.J01', 9.00);
INSERT INTO `bangdiema1` VALUES ('20150021', 'IT001.K02', 8.50);
INSERT INTO `bangdiema1` VALUES ('20150022', 'IE209.J02', 9.00);
INSERT INTO `bangdiema1` VALUES ('20150022', 'IT001.J01', 8.00);
INSERT INTO `bangdiema1` VALUES ('20150022', 'IT001.K02', 7.50);
INSERT INTO `bangdiema1` VALUES ('20150023', 'IE209.J02', 9.00);
INSERT INTO `bangdiema1` VALUES ('20150023', 'IT001.J01', 9.50);
INSERT INTO `bangdiema1` VALUES ('20150023', 'IT001.K02', 9.00);
INSERT INTO `bangdiema1` VALUES ('20150024', 'IE209.J02', 10.00);
INSERT INTO `bangdiema1` VALUES ('20150024', 'IT001.J01', 8.00);
INSERT INTO `bangdiema1` VALUES ('20150024', 'IT001.K02', 9.00);
INSERT INTO `bangdiema1` VALUES ('20150025', 'IE209.J02', 8.00);
INSERT INTO `bangdiema1` VALUES ('20150025', 'IT001.K02', 9.50);
INSERT INTO `bangdiema1` VALUES ('20150025', 'IT001.L02', 0.00);
INSERT INTO `bangdiema1` VALUES ('20150026', 'IE209.J02', 6.00);
INSERT INTO `bangdiema1` VALUES ('20150026', 'IT001.K02', 6.50);
INSERT INTO `bangdiema1` VALUES ('20150026', 'IT001.L02', 0.00);
INSERT INTO `bangdiema1` VALUES ('20150027', 'IE209.J02', 8.00);
INSERT INTO `bangdiema1` VALUES ('20150027', 'IT001.K02', 8.00);
INSERT INTO `bangdiema1` VALUES ('20150027', 'IT001.L02', 0.00);
INSERT INTO `bangdiema1` VALUES ('20150028', 'IE209.J02', 9.00);
INSERT INTO `bangdiema1` VALUES ('20150028', 'IT001.K02', 8.00);
INSERT INTO `bangdiema1` VALUES ('20150028', 'IT001.L02', 0.00);
INSERT INTO `bangdiema1` VALUES ('20150029', 'IE209.J02', 9.00);
INSERT INTO `bangdiema1` VALUES ('20150029', 'IT001.K02', 9.00);
INSERT INTO `bangdiema1` VALUES ('20150029', 'IT001.L02', 0.00);
INSERT INTO `bangdiema1` VALUES ('20150030', 'IE209.J02', 8.00);
INSERT INTO `bangdiema1` VALUES ('20150030', 'IT001.K02', 8.00);
INSERT INTO `bangdiema1` VALUES ('20150030', 'IT001.L02', 0.00);
INSERT INTO `bangdiema1` VALUES ('20150031', 'IE209.J02', 9.00);
INSERT INTO `bangdiema1` VALUES ('20150031', 'IT001.J01', 6.00);
INSERT INTO `bangdiema1` VALUES ('20150031', 'IT001.K02', 9.00);
INSERT INTO `bangdiema1` VALUES ('20150032', 'IE209.J02', 7.00);
INSERT INTO `bangdiema1` VALUES ('20150032', 'IT001.J01', 5.00);
INSERT INTO `bangdiema1` VALUES ('20150032', 'IT001.K02', 7.00);
INSERT INTO `bangdiema1` VALUES ('20150033', 'IE209.J02', 7.00);
INSERT INTO `bangdiema1` VALUES ('20150033', 'IT001.J01', 8.00);
INSERT INTO `bangdiema1` VALUES ('20150033', 'IT001.K02', 8.00);
INSERT INTO `bangdiema1` VALUES ('20150034', 'IE209.J02', 9.00);
INSERT INTO `bangdiema1` VALUES ('20150034', 'IT001.J01', 9.00);
INSERT INTO `bangdiema1` VALUES ('20150034', 'IT001.K02', 9.00);
INSERT INTO `bangdiema1` VALUES ('20150035', 'IE209.J02', 8.00);
INSERT INTO `bangdiema1` VALUES ('20150035', 'IT001.J01', 10.00);
INSERT INTO `bangdiema1` VALUES ('20150035', 'IT001.K02', 8.00);
INSERT INTO `bangdiema1` VALUES ('20150036', 'IE209.J02', 10.00);
INSERT INTO `bangdiema1` VALUES ('20150036', 'IT001.J01', 10.00);
INSERT INTO `bangdiema1` VALUES ('20150036', 'IT001.K02', 7.00);
INSERT INTO `bangdiema1` VALUES ('20150037', 'IE209.J02', 10.00);
INSERT INTO `bangdiema1` VALUES ('20150037', 'IT001.J01', 9.00);
INSERT INTO `bangdiema1` VALUES ('20150037', 'IT001.K02', 9.00);
INSERT INTO `bangdiema1` VALUES ('20150038', 'IE209.J02', 10.00);
INSERT INTO `bangdiema1` VALUES ('20150038', 'IT001.J01', 9.00);
INSERT INTO `bangdiema1` VALUES ('20150038', 'IT001.K02', 8.00);
INSERT INTO `bangdiema1` VALUES ('20150039', 'IE209.J02', 9.00);
INSERT INTO `bangdiema1` VALUES ('20150039', 'IT001.J01', 9.00);
INSERT INTO `bangdiema1` VALUES ('20150039', 'IT001.K02', 9.00);
INSERT INTO `bangdiema1` VALUES ('20150040', 'IE209.J02', 8.00);
INSERT INTO `bangdiema1` VALUES ('20150040', 'IT001.J01', 8.00);
INSERT INTO `bangdiema1` VALUES ('20150040', 'IT001.K02', 8.00);
INSERT INTO `bangdiema1` VALUES ('20160001', 'IE209.K01', 7.00);
INSERT INTO `bangdiema1` VALUES ('20160001', 'IT001.K02', 7.00);
INSERT INTO `bangdiema1` VALUES ('20160001', 'IT002.L01', 0.00);
INSERT INTO `bangdiema1` VALUES ('20160002', 'IE209.K01', 9.00);
INSERT INTO `bangdiema1` VALUES ('20160002', 'IT001.K02', 9.00);
INSERT INTO `bangdiema1` VALUES ('20160002', 'IT002.L01', 0.00);
INSERT INTO `bangdiema1` VALUES ('20160003', 'IE209.K01', 8.00);
INSERT INTO `bangdiema1` VALUES ('20160003', 'IT001.K02', 10.00);
INSERT INTO `bangdiema1` VALUES ('20160003', 'IT002.L01', 0.00);
INSERT INTO `bangdiema1` VALUES ('20160004', 'IE209.K01', 7.00);
INSERT INTO `bangdiema1` VALUES ('20160004', 'IT001.K02', 9.00);
INSERT INTO `bangdiema1` VALUES ('20160004', 'IT002.L01', 0.00);
INSERT INTO `bangdiema1` VALUES ('20160005', 'IE209.K01', 9.00);
INSERT INTO `bangdiema1` VALUES ('20160005', 'IT001.K02', 9.00);
INSERT INTO `bangdiema1` VALUES ('20160005', 'IT002.L01', 0.00);
INSERT INTO `bangdiema1` VALUES ('20160006', 'IE209.K01', 8.00);
INSERT INTO `bangdiema1` VALUES ('20160006', 'IT001.K02', 9.00);
INSERT INTO `bangdiema1` VALUES ('20160006', 'IT002.L01', 0.00);
INSERT INTO `bangdiema1` VALUES ('20160007', 'IE209.K01', 7.00);
INSERT INTO `bangdiema1` VALUES ('20160007', 'IT001.K02', 8.00);
INSERT INTO `bangdiema1` VALUES ('20160007', 'IT002.L01', 0.00);
INSERT INTO `bangdiema1` VALUES ('20160008', 'IE209.K01', 8.00);
INSERT INTO `bangdiema1` VALUES ('20160008', 'IT001.K02', 9.00);
INSERT INTO `bangdiema1` VALUES ('20160008', 'IT002.L01', 0.00);
INSERT INTO `bangdiema1` VALUES ('20160009', 'IE209.K01', 6.00);
INSERT INTO `bangdiema1` VALUES ('20160009', 'IT001.K02', 8.00);
INSERT INTO `bangdiema1` VALUES ('20160009', 'IT002.L01', 0.00);
INSERT INTO `bangdiema1` VALUES ('20160010', 'IE209.K01', 4.00);
INSERT INTO `bangdiema1` VALUES ('20160010', 'IT001.K02', 7.00);
INSERT INTO `bangdiema1` VALUES ('20160010', 'IT002.L01', 0.00);
INSERT INTO `bangdiema1` VALUES ('20160011', 'IE209.K01', 5.00);
INSERT INTO `bangdiema1` VALUES ('20160011', 'IT001.K02', 8.50);
INSERT INTO `bangdiema1` VALUES ('20160011', 'IT002.L01', 0.00);
INSERT INTO `bangdiema1` VALUES ('20160012', 'IE209.K01', 8.00);
INSERT INTO `bangdiema1` VALUES ('20160012', 'IT001.K02', 7.50);
INSERT INTO `bangdiema1` VALUES ('20160012', 'IT002.L01', 0.00);
INSERT INTO `bangdiema1` VALUES ('20160013', 'IE209.K01', 8.00);
INSERT INTO `bangdiema1` VALUES ('20160013', 'IT001.K02', 9.00);
INSERT INTO `bangdiema1` VALUES ('20160013', 'IT002.L01', 0.00);
INSERT INTO `bangdiema1` VALUES ('20160014', 'IE209.K01', 7.00);
INSERT INTO `bangdiema1` VALUES ('20160014', 'IT001.K02', 9.00);
INSERT INTO `bangdiema1` VALUES ('20160014', 'IT002.L01', 0.00);
INSERT INTO `bangdiema1` VALUES ('20160015', 'IE209.K01', 9.00);
INSERT INTO `bangdiema1` VALUES ('20160015', 'IT001.K02', 9.50);
INSERT INTO `bangdiema1` VALUES ('20160015', 'IT002.L01', 0.00);
INSERT INTO `bangdiema1` VALUES ('20160016', 'IE209.K01', 9.00);
INSERT INTO `bangdiema1` VALUES ('20160016', 'IT001.K02', 6.50);
INSERT INTO `bangdiema1` VALUES ('20160016', 'IT002.L01', 0.00);
INSERT INTO `bangdiema1` VALUES ('20160017', 'IE209.K01', 8.00);
INSERT INTO `bangdiema1` VALUES ('20160017', 'IT001.K02', 8.00);
INSERT INTO `bangdiema1` VALUES ('20160017', 'IT002.L01', 0.00);
INSERT INTO `bangdiema1` VALUES ('20160018', 'IE209.K01', 9.00);
INSERT INTO `bangdiema1` VALUES ('20160018', 'IT001.K02', 8.00);
INSERT INTO `bangdiema1` VALUES ('20160018', 'IT002.L01', 0.00);
INSERT INTO `bangdiema1` VALUES ('20160019', 'IE209.K01', 6.00);
INSERT INTO `bangdiema1` VALUES ('20160019', 'IT001.K02', 9.00);
INSERT INTO `bangdiema1` VALUES ('20160019', 'IT002.L01', 0.00);
INSERT INTO `bangdiema1` VALUES ('20160020', 'IE209.K01', 8.00);
INSERT INTO `bangdiema1` VALUES ('20160020', 'IT001.K02', 8.00);
INSERT INTO `bangdiema1` VALUES ('20160020', 'IT002.L01', 0.00);
INSERT INTO `bangdiema1` VALUES ('20160021', 'IE209.K02', 9.00);
INSERT INTO `bangdiema1` VALUES ('20160021', 'IT001.K01', 9.00);
INSERT INTO `bangdiema1` VALUES ('20160021', 'IT002.L02', 0.00);
INSERT INTO `bangdiema1` VALUES ('20160022', 'IE209.K02', 7.00);
INSERT INTO `bangdiema1` VALUES ('20160022', 'IT001.K01', 8.00);
INSERT INTO `bangdiema1` VALUES ('20160022', 'IT002.L02', 0.00);
INSERT INTO `bangdiema1` VALUES ('20160023', 'IE209.K02', 9.00);
INSERT INTO `bangdiema1` VALUES ('20160023', 'IT001.K01', 9.00);
INSERT INTO `bangdiema1` VALUES ('20160023', 'IT002.L02', 0.00);
INSERT INTO `bangdiema1` VALUES ('20160024', 'IE209.K02', 9.00);
INSERT INTO `bangdiema1` VALUES ('20160024', 'IT001.K01', 10.00);
INSERT INTO `bangdiema1` VALUES ('20160024', 'IT002.L02', 0.00);
INSERT INTO `bangdiema1` VALUES ('20160025', 'IE209.K02', 8.00);
INSERT INTO `bangdiema1` VALUES ('20160025', 'IT001.K01', 9.00);
INSERT INTO `bangdiema1` VALUES ('20160025', 'IT002.L02', 0.00);
INSERT INTO `bangdiema1` VALUES ('20160026', 'IE209.K02', 9.00);
INSERT INTO `bangdiema1` VALUES ('20160026', 'IT001.K01', 8.00);
INSERT INTO `bangdiema1` VALUES ('20160026', 'IT002.L02', 0.00);
INSERT INTO `bangdiema1` VALUES ('20160027', 'IE209.K02', 10.00);
INSERT INTO `bangdiema1` VALUES ('20160027', 'IT001.K01', 9.00);
INSERT INTO `bangdiema1` VALUES ('20160027', 'IT002.L02', 0.00);
INSERT INTO `bangdiema1` VALUES ('20160028', 'IE209.K02', 10.00);
INSERT INTO `bangdiema1` VALUES ('20160028', 'IT001.K01', 8.00);
INSERT INTO `bangdiema1` VALUES ('20160028', 'IT002.L02', 0.00);
INSERT INTO `bangdiema1` VALUES ('20160029', 'IE209.K02', 9.00);
INSERT INTO `bangdiema1` VALUES ('20160029', 'IT001.K01', 7.00);
INSERT INTO `bangdiema1` VALUES ('20160029', 'IT002.L02', 0.00);
INSERT INTO `bangdiema1` VALUES ('20160030', 'IE209.K02', 9.00);
INSERT INTO `bangdiema1` VALUES ('20160030', 'IT001.K01', 9.00);
INSERT INTO `bangdiema1` VALUES ('20160030', 'IT002.L02', 0.00);
INSERT INTO `bangdiema1` VALUES ('20160031', 'IE209.K02', 9.00);
INSERT INTO `bangdiema1` VALUES ('20160031', 'IT001.K01', 8.00);
INSERT INTO `bangdiema1` VALUES ('20160031', 'IT002.L02', 0.00);
INSERT INTO `bangdiema1` VALUES ('20160032', 'IE209.K02', 9.00);
INSERT INTO `bangdiema1` VALUES ('20160032', 'IT001.K01', 9.00);
INSERT INTO `bangdiema1` VALUES ('20160032', 'IT002.L02', 0.00);
INSERT INTO `bangdiema1` VALUES ('20160033', 'IE209.K02', 9.00);
INSERT INTO `bangdiema1` VALUES ('20160033', 'IT001.K01', 6.00);
INSERT INTO `bangdiema1` VALUES ('20160033', 'IT002.L02', 0.00);
INSERT INTO `bangdiema1` VALUES ('20160034', 'IE209.K02', 7.00);
INSERT INTO `bangdiema1` VALUES ('20160034', 'IT001.K01', 8.50);
INSERT INTO `bangdiema1` VALUES ('20160034', 'IT002.L02', 0.00);
INSERT INTO `bangdiema1` VALUES ('20160035', 'IE209.K02', 8.00);
INSERT INTO `bangdiema1` VALUES ('20160035', 'IT001.K01', 9.00);
INSERT INTO `bangdiema1` VALUES ('20160035', 'IT002.L02', 0.00);
INSERT INTO `bangdiema1` VALUES ('20160036', 'IE209.K02', 9.00);
INSERT INTO `bangdiema1` VALUES ('20160036', 'IT001.K01', 8.00);
INSERT INTO `bangdiema1` VALUES ('20160036', 'IT002.L02', 0.00);
INSERT INTO `bangdiema1` VALUES ('20160037', 'IE209.K02', 9.00);
INSERT INTO `bangdiema1` VALUES ('20160037', 'IT001.K01', 9.00);
INSERT INTO `bangdiema1` VALUES ('20160037', 'IT002.L02', 0.00);
INSERT INTO `bangdiema1` VALUES ('20160038', 'IE209.K02', 10.00);
INSERT INTO `bangdiema1` VALUES ('20160038', 'IT001.K01', 7.00);
INSERT INTO `bangdiema1` VALUES ('20160038', 'IT002.L02', 0.00);
INSERT INTO `bangdiema1` VALUES ('20160039', 'IE209.K02', 10.00);
INSERT INTO `bangdiema1` VALUES ('20160039', 'IT001.K01', 10.00);
INSERT INTO `bangdiema1` VALUES ('20160039', 'IT002.L02', 0.00);
INSERT INTO `bangdiema1` VALUES ('20160040', 'IE209.K02', 8.00);
INSERT INTO `bangdiema1` VALUES ('20160040', 'IT001.K01', 9.00);
INSERT INTO `bangdiema1` VALUES ('20160040', 'IT002.L02', 0.00);

-- ----------------------------
-- Table structure for bangdiema2
-- ----------------------------
DROP TABLE IF EXISTS `bangdiema2`;
CREATE TABLE `bangdiema2`  (
  `mssv` varchar(10) CHARACTER SET utf8 COLLATE utf8_unicode_ci NOT NULL,
  `malop` varchar(10) CHARACTER SET utf8 COLLATE utf8_unicode_ci NOT NULL,
  `diemcau1` float(4, 2) NULL DEFAULT NULL,
  `diemcau2` float(4, 2) NULL DEFAULT NULL,
  `diemcau3` float(4, 2) NULL DEFAULT NULL,
  `tongdiema2` float(4, 2) NULL DEFAULT NULL,
  PRIMARY KEY (`mssv`, `malop`) USING BTREE,
  INDEX `fk_bangdiema2.malop`(`malop`) USING BTREE,
  CONSTRAINT `fk_bangdiema2.malop` FOREIGN KEY (`malop`) REFERENCES `lophoc` (`malophoc`) ON DELETE RESTRICT ON UPDATE RESTRICT,
  CONSTRAINT `fk_bangdiema2.mssv` FOREIGN KEY (`mssv`) REFERENCES `sinhvien` (`mssv`) ON DELETE RESTRICT ON UPDATE RESTRICT
) ENGINE = InnoDB CHARACTER SET = utf8 COLLATE = utf8_unicode_ci ROW_FORMAT = Dynamic;

-- ----------------------------
-- Records of bangdiema2
-- ----------------------------
INSERT INTO `bangdiema2` VALUES ('17521110', 'IE209.L02', 0.00, 0.00, 0.00, 0.00);
INSERT INTO `bangdiema2` VALUES ('17521110', 'IT001.L01', 4.00, 3.00, 1.00, 8.00);
INSERT INTO `bangdiema2` VALUES ('20150001', 'IE209.J01', 1.00, 3.00, 4.00, 8.00);
INSERT INTO `bangdiema2` VALUES ('20150001', 'IT001.J02', 4.00, 2.00, 3.00, 9.00);
INSERT INTO `bangdiema2` VALUES ('20150001', 'IT002.K01', 2.00, 3.00, 4.00, 9.00);
INSERT INTO `bangdiema2` VALUES ('20150002', 'IE209.J01', 2.00, 2.00, 3.00, 7.00);
INSERT INTO `bangdiema2` VALUES ('20150002', 'IT001.J02', 4.00, 2.00, 1.50, 7.50);
INSERT INTO `bangdiema2` VALUES ('20150002', 'IT002.K01', 2.00, 3.00, 3.00, 8.00);
INSERT INTO `bangdiema2` VALUES ('20150003', 'IE209.J01', 2.00, 3.00, 3.00, 8.00);
INSERT INTO `bangdiema2` VALUES ('20150003', 'IT001.J02', 3.00, 2.00, 1.00, 6.00);
INSERT INTO `bangdiema2` VALUES ('20150003', 'IT002.K01', 2.00, 1.00, 3.00, 6.00);
INSERT INTO `bangdiema2` VALUES ('20150004', 'IE209.J01', 1.00, 3.00, 3.00, 7.00);
INSERT INTO `bangdiema2` VALUES ('20150004', 'IT001.J02', 3.00, 2.00, 1.00, 6.00);
INSERT INTO `bangdiema2` VALUES ('20150004', 'IT002.K01', 2.00, 1.00, 4.00, 7.00);
INSERT INTO `bangdiema2` VALUES ('20150005', 'IE209.K01', 2.00, 2.00, 4.00, 8.00);
INSERT INTO `bangdiema2` VALUES ('20150005', 'IT001.J02', 3.00, 3.00, 1.00, 7.00);
INSERT INTO `bangdiema2` VALUES ('20150005', 'IT002.K01', 1.00, 3.00, 4.00, 8.00);
INSERT INTO `bangdiema2` VALUES ('20150006', 'IE209.K01', 1.00, 3.00, 4.00, 8.00);
INSERT INTO `bangdiema2` VALUES ('20150006', 'IT001.J02', 4.00, 2.00, 2.00, 8.00);
INSERT INTO `bangdiema2` VALUES ('20150006', 'IT002.K01', 2.00, 3.00, 4.00, 9.00);
INSERT INTO `bangdiema2` VALUES ('20150007', 'IE209.K01', 2.00, 2.00, 4.00, 8.00);
INSERT INTO `bangdiema2` VALUES ('20150007', 'IT001.J02', 4.00, 2.00, 1.00, 7.00);
INSERT INTO `bangdiema2` VALUES ('20150007', 'IT002.K01', 2.00, 3.00, 3.00, 8.00);
INSERT INTO `bangdiema2` VALUES ('20150008', 'IE209.K01', 2.00, 3.00, 3.00, 8.00);
INSERT INTO `bangdiema2` VALUES ('20150008', 'IT001.J02', 3.00, 2.00, 3.00, 8.00);
INSERT INTO `bangdiema2` VALUES ('20150008', 'IT002.K01', 2.00, 1.00, 3.00, 6.00);
INSERT INTO `bangdiema2` VALUES ('20150009', 'IE209.J01', 1.00, 3.00, 3.00, 7.00);
INSERT INTO `bangdiema2` VALUES ('20150009', 'IT001.J02', 3.00, 2.00, 2.00, 7.00);
INSERT INTO `bangdiema2` VALUES ('20150009', 'IT002.K01', 2.00, 1.00, 4.00, 7.00);
INSERT INTO `bangdiema2` VALUES ('20150010', 'IE209.J01', 2.00, 0.00, 3.00, 5.00);
INSERT INTO `bangdiema2` VALUES ('20150010', 'IT001.J02', 2.00, 3.00, 3.00, 8.00);
INSERT INTO `bangdiema2` VALUES ('20150010', 'IT002.K01', 2.00, 0.00, 0.00, 2.00);
INSERT INTO `bangdiema2` VALUES ('20150011', 'IE209.J01', 1.00, 3.00, 3.00, 7.00);
INSERT INTO `bangdiema2` VALUES ('20150011', 'IT001.J02', 4.00, 2.00, 3.00, 9.00);
INSERT INTO `bangdiema2` VALUES ('20150011', 'IT002.K01', 2.00, 3.00, 2.00, 7.00);
INSERT INTO `bangdiema2` VALUES ('20150012', 'IE209.J01', 2.00, 2.00, 3.50, 7.50);
INSERT INTO `bangdiema2` VALUES ('20150012', 'IT001.J02', 2.50, 2.50, 3.00, 8.00);
INSERT INTO `bangdiema2` VALUES ('20150012', 'IT002.K01', 1.00, 3.00, 4.00, 8.00);
INSERT INTO `bangdiema2` VALUES ('20150013', 'IE209.J01', 1.00, 2.00, 4.00, 7.00);
INSERT INTO `bangdiema2` VALUES ('20150013', 'IT001.J02', 3.00, 3.00, 3.00, 9.00);
INSERT INTO `bangdiema2` VALUES ('20150013', 'IT002.K01', 1.50, 2.50, 2.00, 6.00);
INSERT INTO `bangdiema2` VALUES ('20150014', 'IE209.J01', 2.00, 2.50, 5.00, 9.50);
INSERT INTO `bangdiema2` VALUES ('20150014', 'IT001.J02', 3.00, 2.00, 2.00, 7.00);
INSERT INTO `bangdiema2` VALUES ('20150014', 'IT002.K01', 1.00, 1.00, 3.50, 5.50);
INSERT INTO `bangdiema2` VALUES ('20150015', 'IE209.J01', 2.00, 1.00, 2.00, 5.00);
INSERT INTO `bangdiema2` VALUES ('20150015', 'IT001.J02', 4.00, 2.50, 2.00, 8.50);
INSERT INTO `bangdiema2` VALUES ('20150015', 'IT002.K01', 2.00, 2.00, 2.50, 6.50);
INSERT INTO `bangdiema2` VALUES ('20150016', 'IE209.J01', 2.00, 1.50, 3.00, 6.50);
INSERT INTO `bangdiema2` VALUES ('20150016', 'IT001.J02', 2.50, 3.00, 1.00, 6.50);
INSERT INTO `bangdiema2` VALUES ('20150016', 'IT002.K01', 2.00, 4.00, 4.00, 10.00);
INSERT INTO `bangdiema2` VALUES ('20150017', 'IE209.J01', 1.00, 2.00, 4.50, 7.50);
INSERT INTO `bangdiema2` VALUES ('20150017', 'IT001.J02', 3.00, 3.00, 1.50, 7.50);
INSERT INTO `bangdiema2` VALUES ('20150017', 'IT002.K01', 2.00, 2.00, 3.00, 7.00);
INSERT INTO `bangdiema2` VALUES ('20150018', 'IE209.J01', 1.00, 3.00, 1.00, 5.00);
INSERT INTO `bangdiema2` VALUES ('20150018', 'IT001.J02', 3.50, 3.00, 1.00, 7.50);
INSERT INTO `bangdiema2` VALUES ('20150018', 'IT002.K01', 1.00, 3.50, 4.00, 8.50);
INSERT INTO `bangdiema2` VALUES ('20150019', 'IE209.J01', 1.00, 2.00, 0.00, 3.00);
INSERT INTO `bangdiema2` VALUES ('20150019', 'IT001.J02', 4.00, 3.00, 2.00, 9.00);
INSERT INTO `bangdiema2` VALUES ('20150019', 'IT002.K01', 1.00, 2.50, 1.50, 5.00);
INSERT INTO `bangdiema2` VALUES ('20150020', 'IE209.J01', 2.00, 1.00, 2.00, 5.00);
INSERT INTO `bangdiema2` VALUES ('20150020', 'IT001.J02', 1.00, 3.00, 2.00, 6.00);
INSERT INTO `bangdiema2` VALUES ('20150020', 'IT002.K01', 1.00, 4.00, 2.50, 7.50);
INSERT INTO `bangdiema2` VALUES ('20150021', 'IE209.J02', 1.00, 2.00, 5.00, 8.00);
INSERT INTO `bangdiema2` VALUES ('20150021', 'IT001.J01', 4.00, 2.00, 3.00, 9.00);
INSERT INTO `bangdiema2` VALUES ('20150021', 'IT001.K02', 3.00, 3.00, 2.00, 8.00);
INSERT INTO `bangdiema2` VALUES ('20150022', 'IE209.J02', 2.00, 2.00, 3.00, 7.00);
INSERT INTO `bangdiema2` VALUES ('20150022', 'IT001.J01', 2.50, 2.50, 2.00, 7.00);
INSERT INTO `bangdiema2` VALUES ('20150022', 'IT001.K02', 3.00, 2.50, 2.00, 7.50);
INSERT INTO `bangdiema2` VALUES ('20150023', 'IE209.J02', 2.00, 2.00, 2.00, 6.00);
INSERT INTO `bangdiema2` VALUES ('20150023', 'IT001.J01', 3.00, 3.00, 3.00, 9.00);
INSERT INTO `bangdiema2` VALUES ('20150023', 'IT001.K02', 3.00, 3.00, 1.00, 7.00);
INSERT INTO `bangdiema2` VALUES ('20150024', 'IE209.J02', 1.00, 3.00, 2.00, 6.00);
INSERT INTO `bangdiema2` VALUES ('20150024', 'IT001.J01', 3.00, 2.00, 1.00, 6.00);
INSERT INTO `bangdiema2` VALUES ('20150024', 'IT001.K02', 4.00, 3.00, 1.50, 8.50);
INSERT INTO `bangdiema2` VALUES ('20150025', 'IE209.J02', 2.00, 2.00, 1.00, 5.00);
INSERT INTO `bangdiema2` VALUES ('20150025', 'IT001.K02', 3.00, 3.00, 1.00, 7.00);
INSERT INTO `bangdiema2` VALUES ('20150025', 'IT001.L02', 0.00, 0.00, 0.00, 0.00);
INSERT INTO `bangdiema2` VALUES ('20150026', 'IE209.J02', 2.00, 2.00, 3.00, 7.00);
INSERT INTO `bangdiema2` VALUES ('20150026', 'IT001.K02', 3.00, 2.00, 2.00, 7.00);
INSERT INTO `bangdiema2` VALUES ('20150026', 'IT001.L02', 0.00, 0.00, 0.00, 0.00);
INSERT INTO `bangdiema2` VALUES ('20150027', 'IE209.J02', 2.00, 2.00, 2.00, 6.00);
INSERT INTO `bangdiema2` VALUES ('20150027', 'IT001.K02', 2.50, 2.00, 2.00, 6.50);
INSERT INTO `bangdiema2` VALUES ('20150027', 'IT001.L02', 0.00, 0.00, 0.00, 0.00);
INSERT INTO `bangdiema2` VALUES ('20150028', 'IE209.J02', 1.00, 1.00, 1.00, 3.00);
INSERT INTO `bangdiema2` VALUES ('20150028', 'IT001.K02', 1.00, 2.00, 2.00, 5.00);
INSERT INTO `bangdiema2` VALUES ('20150028', 'IT001.L02', 0.00, 0.00, 0.00, 0.00);
INSERT INTO `bangdiema2` VALUES ('20150029', 'IE209.J02', 1.00, 1.00, 2.00, 4.00);
INSERT INTO `bangdiema2` VALUES ('20150029', 'IT001.K02', 2.00, 2.00, 3.00, 7.00);
INSERT INTO `bangdiema2` VALUES ('20150029', 'IT001.L02', 0.00, 0.00, 0.00, 0.00);
INSERT INTO `bangdiema2` VALUES ('20150030', 'IE209.J02', 1.00, 0.00, 4.00, 5.00);
INSERT INTO `bangdiema2` VALUES ('20150030', 'IT001.K02', 4.00, 2.00, 3.00, 9.00);
INSERT INTO `bangdiema2` VALUES ('20150030', 'IT001.L02', 0.00, 0.00, 0.00, 0.00);
INSERT INTO `bangdiema2` VALUES ('20150031', 'IE209.J02', 1.00, 0.00, 2.50, 3.50);
INSERT INTO `bangdiema2` VALUES ('20150031', 'IT001.J01', 0.00, 1.00, 3.00, 4.00);
INSERT INTO `bangdiema2` VALUES ('20150031', 'IT001.K02', 2.00, 2.00, 3.00, 7.00);
INSERT INTO `bangdiema2` VALUES ('20150032', 'IE209.J02', 2.00, 2.00, 1.50, 5.50);
INSERT INTO `bangdiema2` VALUES ('20150032', 'IT001.J01', 2.00, 0.50, 2.00, 4.50);
INSERT INTO `bangdiema2` VALUES ('20150032', 'IT001.K02', 3.50, 3.00, 2.50, 9.00);
INSERT INTO `bangdiema2` VALUES ('20150033', 'IE209.J02', 1.50, 0.00, 3.50, 5.00);
INSERT INTO `bangdiema2` VALUES ('20150033', 'IT001.J01', 4.00, 2.00, 2.00, 8.00);
INSERT INTO `bangdiema2` VALUES ('20150033', 'IT001.K02', 2.50, 2.00, 2.00, 6.50);
INSERT INTO `bangdiema2` VALUES ('20150034', 'IE209.J02', 1.50, 0.00, 4.50, 6.00);
INSERT INTO `bangdiema2` VALUES ('20150034', 'IT001.J01', 2.00, 3.00, 1.00, 6.00);
INSERT INTO `bangdiema2` VALUES ('20150034', 'IT001.K02', 4.00, 2.00, 1.00, 7.00);
INSERT INTO `bangdiema2` VALUES ('20150035', 'IE209.J02', 2.00, 2.00, 1.00, 5.00);
INSERT INTO `bangdiema2` VALUES ('20150035', 'IT001.J01', 3.00, 2.50, 1.50, 7.00);
INSERT INTO `bangdiema2` VALUES ('20150035', 'IT001.K02', 3.00, 2.00, 0.00, 5.00);
INSERT INTO `bangdiema2` VALUES ('20150036', 'IE209.J02', 1.00, 1.00, 3.00, 5.00);
INSERT INTO `bangdiema2` VALUES ('20150036', 'IT001.J01', 3.00, 3.00, 1.00, 7.00);
INSERT INTO `bangdiema2` VALUES ('20150036', 'IT001.K02', 4.00, 2.00, 2.00, 8.00);
INSERT INTO `bangdiema2` VALUES ('20150037', 'IE209.J02', 1.00, 2.00, 5.00, 8.00);
INSERT INTO `bangdiema2` VALUES ('20150037', 'IT001.J01', 4.00, 3.00, 2.00, 9.00);
INSERT INTO `bangdiema2` VALUES ('20150037', 'IT001.K02', 1.50, 3.00, 3.00, 7.50);
INSERT INTO `bangdiema2` VALUES ('20150038', 'IE209.J02', 1.00, 2.50, 4.00, 7.50);
INSERT INTO `bangdiema2` VALUES ('20150038', 'IT001.J01', 3.50, 3.00, 2.00, 8.50);
INSERT INTO `bangdiema2` VALUES ('20150038', 'IT001.K02', 2.50, 2.00, 3.00, 7.50);
INSERT INTO `bangdiema2` VALUES ('20150039', 'IE209.J02', 2.00, 1.00, 4.50, 7.50);
INSERT INTO `bangdiema2` VALUES ('20150039', 'IT001.J01', 2.50, 2.00, 2.00, 6.50);
INSERT INTO `bangdiema2` VALUES ('20150039', 'IT001.K02', 3.00, 2.50, 2.50, 8.00);
INSERT INTO `bangdiema2` VALUES ('20150040', 'IE209.J02', 2.00, 1.50, 2.00, 5.50);
INSERT INTO `bangdiema2` VALUES ('20150040', 'IT001.J01', 2.00, 2.00, 3.00, 7.00);
INSERT INTO `bangdiema2` VALUES ('20150040', 'IT001.K02', 3.00, 3.00, 3.00, 9.00);
INSERT INTO `bangdiema2` VALUES ('20160001', 'IE209.K01', 1.00, 2.00, 1.00, 4.00);
INSERT INTO `bangdiema2` VALUES ('20160001', 'IT001.K02', 3.00, 2.00, 1.00, 6.00);
INSERT INTO `bangdiema2` VALUES ('20160001', 'IT002.L01', 0.00, 0.00, 0.00, 0.00);
INSERT INTO `bangdiema2` VALUES ('20160002', 'IE209.K01', 2.00, 3.00, 3.00, 8.00);
INSERT INTO `bangdiema2` VALUES ('20160002', 'IT001.K02', 4.00, 2.00, 1.00, 7.00);
INSERT INTO `bangdiema2` VALUES ('20160002', 'IT002.L01', 0.00, 0.00, 0.00, 0.00);
INSERT INTO `bangdiema2` VALUES ('20160003', 'IE209.K01', 2.00, 2.00, 4.00, 8.00);
INSERT INTO `bangdiema2` VALUES ('20160003', 'IT001.K02', 4.00, 2.00, 1.00, 7.00);
INSERT INTO `bangdiema2` VALUES ('20160003', 'IT002.L01', 0.00, 0.00, 0.00, 0.00);
INSERT INTO `bangdiema2` VALUES ('20160004', 'IE209.K01', 2.00, 1.00, 5.00, 8.00);
INSERT INTO `bangdiema2` VALUES ('20160004', 'IT001.K02', 3.00, 2.00, 1.50, 6.50);
INSERT INTO `bangdiema2` VALUES ('20160004', 'IT002.L01', 0.00, 0.00, 0.00, 0.00);
INSERT INTO `bangdiema2` VALUES ('20160005', 'IE209.K01', 1.00, 2.00, 3.00, 6.00);
INSERT INTO `bangdiema2` VALUES ('20160005', 'IT001.K02', 4.00, 2.00, 2.00, 8.00);
INSERT INTO `bangdiema2` VALUES ('20160005', 'IT002.L01', 0.00, 0.00, 0.00, 0.00);
INSERT INTO `bangdiema2` VALUES ('20160006', 'IE209.K01', 2.00, 2.00, 4.00, 8.00);
INSERT INTO `bangdiema2` VALUES ('20160006', 'IT001.K02', 3.50, 3.00, 2.50, 9.00);
INSERT INTO `bangdiema2` VALUES ('20160006', 'IT002.L01', 0.00, 0.00, 0.00, 0.00);
INSERT INTO `bangdiema2` VALUES ('20160007', 'IE209.K01', 2.00, 2.00, 1.00, 5.00);
INSERT INTO `bangdiema2` VALUES ('20160007', 'IT001.K02', 3.00, 2.00, 2.00, 7.00);
INSERT INTO `bangdiema2` VALUES ('20160007', 'IT002.L01', 0.00, 0.00, 0.00, 0.00);
INSERT INTO `bangdiema2` VALUES ('20160008', 'IE209.K01', 2.00, 3.00, 1.00, 6.00);
INSERT INTO `bangdiema2` VALUES ('20160008', 'IT001.K02', 3.00, 2.50, 2.00, 7.50);
INSERT INTO `bangdiema2` VALUES ('20160008', 'IT002.L01', 0.00, 0.00, 0.00, 0.00);
INSERT INTO `bangdiema2` VALUES ('20160009', 'IE209.K01', 1.00, 2.00, 3.00, 6.00);
INSERT INTO `bangdiema2` VALUES ('20160009', 'IT001.K02', 3.00, 3.00, 2.50, 8.50);
INSERT INTO `bangdiema2` VALUES ('20160009', 'IT002.L01', 0.00, 0.00, 0.00, 0.00);
INSERT INTO `bangdiema2` VALUES ('20160010', 'IE209.K01', 1.00, 2.00, 4.00, 7.00);
INSERT INTO `bangdiema2` VALUES ('20160010', 'IT001.K02', 3.00, 2.00, 2.00, 7.00);
INSERT INTO `bangdiema2` VALUES ('20160010', 'IT002.L01', 0.00, 0.00, 0.00, 0.00);
INSERT INTO `bangdiema2` VALUES ('20160011', 'IE209.K01', 1.00, 2.00, 5.00, 8.00);
INSERT INTO `bangdiema2` VALUES ('20160011', 'IT001.K02', 4.00, 2.50, 2.00, 8.50);
INSERT INTO `bangdiema2` VALUES ('20160011', 'IT002.L01', 0.00, 0.00, 0.00, 0.00);
INSERT INTO `bangdiema2` VALUES ('20160012', 'IE209.K01', 1.00, 1.00, 3.00, 5.00);
INSERT INTO `bangdiema2` VALUES ('20160012', 'IT001.K02', 3.00, 3.00, 2.00, 8.00);
INSERT INTO `bangdiema2` VALUES ('20160012', 'IT002.L01', 0.00, 0.00, 0.00, 0.00);
INSERT INTO `bangdiema2` VALUES ('20160013', 'IE209.K01', 2.00, 1.00, 4.00, 7.00);
INSERT INTO `bangdiema2` VALUES ('20160013', 'IT001.K02', 3.00, 3.00, 2.00, 8.00);
INSERT INTO `bangdiema2` VALUES ('20160013', 'IT002.L01', 0.00, 0.00, 0.00, 0.00);
INSERT INTO `bangdiema2` VALUES ('20160014', 'IE209.K01', 1.50, 0.00, 1.00, 2.50);
INSERT INTO `bangdiema2` VALUES ('20160014', 'IT001.K02', 3.00, 3.00, 1.00, 7.00);
INSERT INTO `bangdiema2` VALUES ('20160014', 'IT002.L01', 0.00, 0.00, 0.00, 0.00);
INSERT INTO `bangdiema2` VALUES ('20160015', 'IE209.K01', 1.50, 0.00, 1.00, 2.50);
INSERT INTO `bangdiema2` VALUES ('20160015', 'IT001.K02', 2.50, 3.00, 2.00, 7.50);
INSERT INTO `bangdiema2` VALUES ('20160015', 'IT002.L01', 0.00, 0.00, 0.00, 0.00);
INSERT INTO `bangdiema2` VALUES ('20160016', 'IE209.K01', 2.00, 2.00, 2.00, 6.00);
INSERT INTO `bangdiema2` VALUES ('20160016', 'IT001.K02', 1.00, 3.00, 2.00, 6.00);
INSERT INTO `bangdiema2` VALUES ('20160016', 'IT002.L01', 0.00, 0.00, 0.00, 0.00);
INSERT INTO `bangdiema2` VALUES ('20160017', 'IE209.K01', 1.00, 0.00, 4.00, 5.00);
INSERT INTO `bangdiema2` VALUES ('20160017', 'IT001.K02', 2.00, 2.00, 2.00, 6.00);
INSERT INTO `bangdiema2` VALUES ('20160017', 'IT002.L01', 0.00, 0.00, 0.00, 0.00);
INSERT INTO `bangdiema2` VALUES ('20160018', 'IE209.K01', 2.00, 0.00, 2.50, 4.50);
INSERT INTO `bangdiema2` VALUES ('20160018', 'IT001.K02', 4.00, 2.00, 3.00, 9.00);
INSERT INTO `bangdiema2` VALUES ('20160018', 'IT002.L01', 0.00, 0.00, 0.00, 0.00);
INSERT INTO `bangdiema2` VALUES ('20160019', 'IE209.K01', 1.00, 2.00, 1.50, 4.50);
INSERT INTO `bangdiema2` VALUES ('20160019', 'IT001.K02', 2.00, 2.00, 3.00, 7.00);
INSERT INTO `bangdiema2` VALUES ('20160019', 'IT002.L01', 0.00, 0.00, 0.00, 0.00);
INSERT INTO `bangdiema2` VALUES ('20160020', 'IE209.K01', 1.00, 1.00, 3.50, 5.50);
INSERT INTO `bangdiema2` VALUES ('20160020', 'IT001.K02', 3.50, 3.00, 3.00, 9.50);
INSERT INTO `bangdiema2` VALUES ('20160020', 'IT002.L01', 0.00, 0.00, 0.00, 0.00);
INSERT INTO `bangdiema2` VALUES ('20160021', 'IE209.K02', 1.00, 3.00, 4.50, 8.50);
INSERT INTO `bangdiema2` VALUES ('20160021', 'IT001.K01', 0.00, 1.00, 2.00, 3.00);
INSERT INTO `bangdiema2` VALUES ('20160021', 'IT002.L02', 0.00, 0.00, 0.00, 0.00);
INSERT INTO `bangdiema2` VALUES ('20160022', 'IE209.K02', 2.00, 2.00, 1.00, 5.00);
INSERT INTO `bangdiema2` VALUES ('20160022', 'IT001.K01', 2.00, 0.50, 3.00, 5.50);
INSERT INTO `bangdiema2` VALUES ('20160022', 'IT002.L02', 0.00, 0.00, 0.00, 0.00);
INSERT INTO `bangdiema2` VALUES ('20160023', 'IE209.K02', 2.00, 3.00, 3.00, 8.00);
INSERT INTO `bangdiema2` VALUES ('20160023', 'IT001.K01', 4.00, 2.00, 3.00, 9.00);
INSERT INTO `bangdiema2` VALUES ('20160023', 'IT002.L02', 0.00, 0.00, 0.00, 0.00);
INSERT INTO `bangdiema2` VALUES ('20160024', 'IE209.K02', 1.00, 3.00, 5.00, 9.00);
INSERT INTO `bangdiema2` VALUES ('20160024', 'IT001.K01', 2.00, 3.00, 1.50, 6.50);
INSERT INTO `bangdiema2` VALUES ('20160024', 'IT002.L02', 0.00, 0.00, 0.00, 0.00);
INSERT INTO `bangdiema2` VALUES ('20160025', 'IE209.K02', 2.00, 1.00, 4.00, 7.00);
INSERT INTO `bangdiema2` VALUES ('20160025', 'IT001.K01', 3.50, 2.50, 1.00, 7.00);
INSERT INTO `bangdiema2` VALUES ('20160025', 'IT002.L02', 0.00, 0.00, 0.00, 0.00);
INSERT INTO `bangdiema2` VALUES ('20160026', 'IE209.K02', 2.00, 3.00, 4.50, 9.50);
INSERT INTO `bangdiema2` VALUES ('20160026', 'IT001.K01', 2.50, 3.00, 1.00, 6.50);
INSERT INTO `bangdiema2` VALUES ('20160026', 'IT002.L02', 0.00, 0.00, 0.00, 0.00);
INSERT INTO `bangdiema2` VALUES ('20160027', 'IE209.K02', 2.00, 2.00, 2.00, 6.00);
INSERT INTO `bangdiema2` VALUES ('20160027', 'IT001.K01', 4.00, 3.00, 1.00, 8.00);
INSERT INTO `bangdiema2` VALUES ('20160027', 'IT002.L02', 0.00, 0.00, 0.00, 0.00);
INSERT INTO `bangdiema2` VALUES ('20160028', 'IE209.K02', 1.00, 3.00, 1.00, 5.00);
INSERT INTO `bangdiema2` VALUES ('20160028', 'IT001.K01', 3.00, 3.00, 2.00, 8.00);
INSERT INTO `bangdiema2` VALUES ('20160028', 'IT002.L02', 0.00, 0.00, 0.00, 0.00);
INSERT INTO `bangdiema2` VALUES ('20160029', 'IE209.K02', 2.00, 3.00, 3.00, 8.00);
INSERT INTO `bangdiema2` VALUES ('20160029', 'IT001.K01', 4.00, 2.00, 1.50, 7.50);
INSERT INTO `bangdiema2` VALUES ('20160029', 'IT002.L02', 0.00, 0.00, 0.00, 0.00);
INSERT INTO `bangdiema2` VALUES ('20160030', 'IE209.K02', 2.00, 0.00, 4.00, 6.00);
INSERT INTO `bangdiema2` VALUES ('20160030', 'IT001.K01', 1.50, 2.00, 1.00, 4.50);
INSERT INTO `bangdiema2` VALUES ('20160030', 'IT002.L02', 0.00, 0.00, 0.00, 0.00);
INSERT INTO `bangdiema2` VALUES ('20160031', 'IE209.K02', 2.00, 3.00, 5.00, 10.00);
INSERT INTO `bangdiema2` VALUES ('20160031', 'IT001.K01', 2.50, 2.00, 1.00, 5.50);
INSERT INTO `bangdiema2` VALUES ('20160031', 'IT002.L02', 0.00, 0.00, 0.00, 0.00);
INSERT INTO `bangdiema2` VALUES ('20160032', 'IE209.K02', 1.00, 2.00, 3.00, 6.00);
INSERT INTO `bangdiema2` VALUES ('20160032', 'IT001.K01', 3.00, 2.00, 1.00, 6.00);
INSERT INTO `bangdiema2` VALUES ('20160032', 'IT002.L02', 0.00, 0.00, 0.00, 0.00);
INSERT INTO `bangdiema2` VALUES ('20160033', 'IE209.K02', 1.00, 2.00, 4.00, 7.00);
INSERT INTO `bangdiema2` VALUES ('20160033', 'IT001.K01', 3.00, 2.00, 2.00, 7.00);
INSERT INTO `bangdiema2` VALUES ('20160033', 'IT002.L02', 0.00, 0.00, 0.00, 0.00);
INSERT INTO `bangdiema2` VALUES ('20160034', 'IE209.K02', 2.00, 2.50, 1.00, 5.50);
INSERT INTO `bangdiema2` VALUES ('20160034', 'IT001.K01', 3.00, 2.00, 1.00, 6.00);
INSERT INTO `bangdiema2` VALUES ('20160034', 'IT002.L02', 0.00, 0.00, 0.00, 0.00);
INSERT INTO `bangdiema2` VALUES ('20160035', 'IE209.K02', 1.00, 1.00, 1.00, 3.00);
INSERT INTO `bangdiema2` VALUES ('20160035', 'IT001.K01', 4.00, 3.00, 3.00, 10.00);
INSERT INTO `bangdiema2` VALUES ('20160035', 'IT002.L02', 0.00, 0.00, 0.00, 0.00);
INSERT INTO `bangdiema2` VALUES ('20160036', 'IE209.K02', 2.00, 0.00, 3.00, 5.00);
INSERT INTO `bangdiema2` VALUES ('20160036', 'IT001.K01', 4.00, 2.00, 2.00, 8.00);
INSERT INTO `bangdiema2` VALUES ('20160036', 'IT002.L02', 0.00, 0.00, 0.00, 0.00);
INSERT INTO `bangdiema2` VALUES ('20160037', 'IE209.K02', 2.00, 0.00, 4.00, 6.00);
INSERT INTO `bangdiema2` VALUES ('20160037', 'IT001.K01', 3.00, 2.00, 3.00, 8.00);
INSERT INTO `bangdiema2` VALUES ('20160037', 'IT002.L02', 0.00, 0.00, 0.00, 0.00);
INSERT INTO `bangdiema2` VALUES ('20160038', 'IE209.K02', 2.00, 2.00, 4.00, 8.00);
INSERT INTO `bangdiema2` VALUES ('20160038', 'IT001.K01', 4.00, 1.00, 3.00, 8.00);
INSERT INTO `bangdiema2` VALUES ('20160038', 'IT002.L02', 0.00, 0.00, 0.00, 0.00);
INSERT INTO `bangdiema2` VALUES ('20160039', 'IE209.K02', 1.00, 1.00, 3.00, 5.00);
INSERT INTO `bangdiema2` VALUES ('20160039', 'IT001.K01', 3.50, 0.50, 3.00, 7.00);
INSERT INTO `bangdiema2` VALUES ('20160039', 'IT002.L02', 0.00, 0.00, 0.00, 0.00);
INSERT INTO `bangdiema2` VALUES ('20160040', 'IE209.K02', 1.50, 3.00, 5.00, 9.50);
INSERT INTO `bangdiema2` VALUES ('20160040', 'IT001.K01', 3.00, 2.00, 3.00, 8.00);
INSERT INTO `bangdiema2` VALUES ('20160040', 'IT002.L02', 0.00, 0.00, 0.00, 0.00);

-- ----------------------------
-- Table structure for bangdiema3
-- ----------------------------
DROP TABLE IF EXISTS `bangdiema3`;
CREATE TABLE `bangdiema3`  (
  `mssv` varchar(10) CHARACTER SET utf8 COLLATE utf8_unicode_ci NOT NULL,
  `malop` varchar(10) CHARACTER SET utf8 COLLATE utf8_unicode_ci NOT NULL,
  `tongdiema3` float(4, 2) NULL DEFAULT NULL,
  PRIMARY KEY (`mssv`, `malop`) USING BTREE,
  INDEX `fk_bangdiema3.malop`(`malop`) USING BTREE,
  CONSTRAINT `fk_bangdiema3.malop` FOREIGN KEY (`malop`) REFERENCES `lophoc` (`malophoc`) ON DELETE RESTRICT ON UPDATE RESTRICT,
  CONSTRAINT `fk_bangdiema3.mssv` FOREIGN KEY (`mssv`) REFERENCES `sinhvien` (`mssv`) ON DELETE RESTRICT ON UPDATE RESTRICT
) ENGINE = InnoDB CHARACTER SET = utf8 COLLATE = utf8_unicode_ci ROW_FORMAT = Dynamic;

-- ----------------------------
-- Records of bangdiema3
-- ----------------------------
INSERT INTO `bangdiema3` VALUES ('17521110', 'IE209.L02', 6.00);
INSERT INTO `bangdiema3` VALUES ('17521110', 'IT001.L01', 0.00);
INSERT INTO `bangdiema3` VALUES ('20150001', 'IE209.J01', 9.00);
INSERT INTO `bangdiema3` VALUES ('20150001', 'IT001.J02', 8.50);
INSERT INTO `bangdiema3` VALUES ('20150001', 'IT002.K01', 9.00);
INSERT INTO `bangdiema3` VALUES ('20150002', 'IE209.J01', 9.50);
INSERT INTO `bangdiema3` VALUES ('20150002', 'IT001.J02', 7.50);
INSERT INTO `bangdiema3` VALUES ('20150002', 'IT002.K01', 9.00);
INSERT INTO `bangdiema3` VALUES ('20150003', 'IE209.J01', 6.50);
INSERT INTO `bangdiema3` VALUES ('20150003', 'IT001.J02', 9.00);
INSERT INTO `bangdiema3` VALUES ('20150003', 'IT002.K01', 8.00);
INSERT INTO `bangdiema3` VALUES ('20150004', 'IE209.J01', 8.00);
INSERT INTO `bangdiema3` VALUES ('20150004', 'IT001.J02', 9.00);
INSERT INTO `bangdiema3` VALUES ('20150004', 'IT002.K01', 9.00);
INSERT INTO `bangdiema3` VALUES ('20150005', 'IE209.K01', 8.00);
INSERT INTO `bangdiema3` VALUES ('20150005', 'IT001.J02', 9.50);
INSERT INTO `bangdiema3` VALUES ('20150005', 'IT002.K01', 6.00);
INSERT INTO `bangdiema3` VALUES ('20150006', 'IE209.K01', 9.00);
INSERT INTO `bangdiema3` VALUES ('20150006', 'IT001.J02', 6.50);
INSERT INTO `bangdiema3` VALUES ('20150006', 'IT002.K01', 8.00);
INSERT INTO `bangdiema3` VALUES ('20150007', 'IE209.K01', 8.00);
INSERT INTO `bangdiema3` VALUES ('20150007', 'IT001.J02', 8.00);
INSERT INTO `bangdiema3` VALUES ('20150007', 'IT002.K01', 9.00);
INSERT INTO `bangdiema3` VALUES ('20150008', 'IE209.K01', 9.00);
INSERT INTO `bangdiema3` VALUES ('20150008', 'IT001.J02', 8.00);
INSERT INTO `bangdiema3` VALUES ('20150008', 'IT002.K01', 7.00);
INSERT INTO `bangdiema3` VALUES ('20150009', 'IE209.J01', 8.00);
INSERT INTO `bangdiema3` VALUES ('20150009', 'IT001.J02', 9.00);
INSERT INTO `bangdiema3` VALUES ('20150009', 'IT002.K01', 9.00);
INSERT INTO `bangdiema3` VALUES ('20150010', 'IE209.J01', 9.00);
INSERT INTO `bangdiema3` VALUES ('20150010', 'IT001.J02', 8.00);
INSERT INTO `bangdiema3` VALUES ('20150010', 'IT002.K01', 9.00);
INSERT INTO `bangdiema3` VALUES ('20150011', 'IE209.J01', 10.00);
INSERT INTO `bangdiema3` VALUES ('20150011', 'IT001.J02', 9.00);
INSERT INTO `bangdiema3` VALUES ('20150011', 'IT002.K01', 8.00);
INSERT INTO `bangdiema3` VALUES ('20150012', 'IE209.J01', 9.00);
INSERT INTO `bangdiema3` VALUES ('20150012', 'IT001.J02', 8.00);
INSERT INTO `bangdiema3` VALUES ('20150012', 'IT002.K01', 9.00);
INSERT INTO `bangdiema3` VALUES ('20150013', 'IE209.J01', 8.00);
INSERT INTO `bangdiema3` VALUES ('20150013', 'IT001.J02', 9.00);
INSERT INTO `bangdiema3` VALUES ('20150013', 'IT002.K01', 10.00);
INSERT INTO `bangdiema3` VALUES ('20150014', 'IE209.J01', 9.00);
INSERT INTO `bangdiema3` VALUES ('20150014', 'IT001.J02', 8.00);
INSERT INTO `bangdiema3` VALUES ('20150014', 'IT002.K01', 10.00);
INSERT INTO `bangdiema3` VALUES ('20150015', 'IE209.J01', 8.00);
INSERT INTO `bangdiema3` VALUES ('20150015', 'IT001.J02', 9.00);
INSERT INTO `bangdiema3` VALUES ('20150015', 'IT002.K01', 9.00);
INSERT INTO `bangdiema3` VALUES ('20150016', 'IE209.J01', 7.00);
INSERT INTO `bangdiema3` VALUES ('20150016', 'IT001.J02', 7.00);
INSERT INTO `bangdiema3` VALUES ('20150016', 'IT002.K01', 9.00);
INSERT INTO `bangdiema3` VALUES ('20150017', 'IE209.J01', 9.00);
INSERT INTO `bangdiema3` VALUES ('20150017', 'IT001.J02', 8.00);
INSERT INTO `bangdiema3` VALUES ('20150017', 'IT002.K01', 9.00);
INSERT INTO `bangdiema3` VALUES ('20150018', 'IE209.J01', 8.00);
INSERT INTO `bangdiema3` VALUES ('20150018', 'IT001.J02', 9.00);
INSERT INTO `bangdiema3` VALUES ('20150018', 'IT002.K01', 9.00);
INSERT INTO `bangdiema3` VALUES ('20150019', 'IE209.J01', 9.00);
INSERT INTO `bangdiema3` VALUES ('20150019', 'IT001.J02', 8.00);
INSERT INTO `bangdiema3` VALUES ('20150019', 'IT002.K01', 9.00);
INSERT INTO `bangdiema3` VALUES ('20150020', 'IE209.J01', 6.00);
INSERT INTO `bangdiema3` VALUES ('20150020', 'IT001.J02', 7.00);
INSERT INTO `bangdiema3` VALUES ('20150020', 'IT002.K01', 7.00);
INSERT INTO `bangdiema3` VALUES ('20150021', 'IE209.J02', 8.50);
INSERT INTO `bangdiema3` VALUES ('20150021', 'IT001.J01', 9.00);
INSERT INTO `bangdiema3` VALUES ('20150021', 'IT001.K02', 8.00);
INSERT INTO `bangdiema3` VALUES ('20150022', 'IE209.J02', 9.00);
INSERT INTO `bangdiema3` VALUES ('20150022', 'IT001.J01', 8.00);
INSERT INTO `bangdiema3` VALUES ('20150022', 'IT001.K02', 9.00);
INSERT INTO `bangdiema3` VALUES ('20150023', 'IE209.J02', 8.00);
INSERT INTO `bangdiema3` VALUES ('20150023', 'IT001.J01', 9.00);
INSERT INTO `bangdiema3` VALUES ('20150023', 'IT001.K02', 9.00);
INSERT INTO `bangdiema3` VALUES ('20150024', 'IE209.J02', 9.00);
INSERT INTO `bangdiema3` VALUES ('20150024', 'IT001.J01', 8.50);
INSERT INTO `bangdiema3` VALUES ('20150024', 'IT001.K02', 10.00);
INSERT INTO `bangdiema3` VALUES ('20150025', 'IE209.J02', 7.00);
INSERT INTO `bangdiema3` VALUES ('20150025', 'IT001.K02', 10.00);
INSERT INTO `bangdiema3` VALUES ('20150025', 'IT001.L02', 0.00);
INSERT INTO `bangdiema3` VALUES ('20150026', 'IE209.J02', 10.00);
INSERT INTO `bangdiema3` VALUES ('20150026', 'IT001.K02', 8.00);
INSERT INTO `bangdiema3` VALUES ('20150026', 'IT001.L02', 0.00);
INSERT INTO `bangdiema3` VALUES ('20150027', 'IE209.J02', 9.00);
INSERT INTO `bangdiema3` VALUES ('20150027', 'IT001.K02', 10.00);
INSERT INTO `bangdiema3` VALUES ('20150027', 'IT001.L02', 0.00);
INSERT INTO `bangdiema3` VALUES ('20150028', 'IE209.J02', 7.00);
INSERT INTO `bangdiema3` VALUES ('20150028', 'IT001.K02', 9.00);
INSERT INTO `bangdiema3` VALUES ('20150028', 'IT001.L02', 0.00);
INSERT INTO `bangdiema3` VALUES ('20150029', 'IE209.J02', 9.00);
INSERT INTO `bangdiema3` VALUES ('20150029', 'IT001.K02', 9.00);
INSERT INTO `bangdiema3` VALUES ('20150029', 'IT001.L02', 0.00);
INSERT INTO `bangdiema3` VALUES ('20150030', 'IE209.J02', 8.00);
INSERT INTO `bangdiema3` VALUES ('20150030', 'IT001.K02', 9.00);
INSERT INTO `bangdiema3` VALUES ('20150030', 'IT001.L02', 0.00);
INSERT INTO `bangdiema3` VALUES ('20150031', 'IE209.J02', 9.00);
INSERT INTO `bangdiema3` VALUES ('20150031', 'IT001.J01', 8.00);
INSERT INTO `bangdiema3` VALUES ('20150031', 'IT001.K02', 8.00);
INSERT INTO `bangdiema3` VALUES ('20150032', 'IE209.J02', 8.00);
INSERT INTO `bangdiema3` VALUES ('20150032', 'IT001.J01', 7.00);
INSERT INTO `bangdiema3` VALUES ('20150032', 'IT001.K02', 7.00);
INSERT INTO `bangdiema3` VALUES ('20150033', 'IE209.J02', 9.00);
INSERT INTO `bangdiema3` VALUES ('20150033', 'IT001.J01', 9.00);
INSERT INTO `bangdiema3` VALUES ('20150033', 'IT001.K02', 9.00);
INSERT INTO `bangdiema3` VALUES ('20150034', 'IE209.J02', 8.00);
INSERT INTO `bangdiema3` VALUES ('20150034', 'IT001.J01', 8.00);
INSERT INTO `bangdiema3` VALUES ('20150034', 'IT001.K02', 10.00);
INSERT INTO `bangdiema3` VALUES ('20150035', 'IE209.J02', 7.00);
INSERT INTO `bangdiema3` VALUES ('20150035', 'IT001.J01', 7.00);
INSERT INTO `bangdiema3` VALUES ('20150035', 'IT001.K02', 9.00);
INSERT INTO `bangdiema3` VALUES ('20150036', 'IE209.J02', 9.00);
INSERT INTO `bangdiema3` VALUES ('20150036', 'IT001.J01', 9.00);
INSERT INTO `bangdiema3` VALUES ('20150036', 'IT001.K02', 9.00);
INSERT INTO `bangdiema3` VALUES ('20150037', 'IE209.J02', 8.00);
INSERT INTO `bangdiema3` VALUES ('20150037', 'IT001.J01', 8.00);
INSERT INTO `bangdiema3` VALUES ('20150037', 'IT001.K02', 9.00);
INSERT INTO `bangdiema3` VALUES ('20150038', 'IE209.J02', 9.00);
INSERT INTO `bangdiema3` VALUES ('20150038', 'IT001.J01', 8.00);
INSERT INTO `bangdiema3` VALUES ('20150038', 'IT001.K02', 9.00);
INSERT INTO `bangdiema3` VALUES ('20150039', 'IE209.J02', 8.00);
INSERT INTO `bangdiema3` VALUES ('20150039', 'IT001.J01', 9.00);
INSERT INTO `bangdiema3` VALUES ('20150039', 'IT001.K02', 8.00);
INSERT INTO `bangdiema3` VALUES ('20150040', 'IE209.J02', 9.00);
INSERT INTO `bangdiema3` VALUES ('20150040', 'IT001.J01', 9.00);
INSERT INTO `bangdiema3` VALUES ('20150040', 'IT001.K02', 9.00);
INSERT INTO `bangdiema3` VALUES ('20160001', 'IE209.K01', 8.50);
INSERT INTO `bangdiema3` VALUES ('20160001', 'IT001.K02', 10.00);
INSERT INTO `bangdiema3` VALUES ('20160001', 'IT002.L01', 0.00);
INSERT INTO `bangdiema3` VALUES ('20160002', 'IE209.K01', 9.00);
INSERT INTO `bangdiema3` VALUES ('20160002', 'IT001.K02', 10.00);
INSERT INTO `bangdiema3` VALUES ('20160002', 'IT002.L01', 0.00);
INSERT INTO `bangdiema3` VALUES ('20160003', 'IE209.K01', 8.00);
INSERT INTO `bangdiema3` VALUES ('20160003', 'IT001.K02', 8.00);
INSERT INTO `bangdiema3` VALUES ('20160003', 'IT002.L01', 0.00);
INSERT INTO `bangdiema3` VALUES ('20160004', 'IE209.K01', 9.00);
INSERT INTO `bangdiema3` VALUES ('20160004', 'IT001.K02', 10.00);
INSERT INTO `bangdiema3` VALUES ('20160004', 'IT002.L01', 0.00);
INSERT INTO `bangdiema3` VALUES ('20160005', 'IE209.K01', 10.00);
INSERT INTO `bangdiema3` VALUES ('20160005', 'IT001.K02', 9.00);
INSERT INTO `bangdiema3` VALUES ('20160005', 'IT002.L01', 0.00);
INSERT INTO `bangdiema3` VALUES ('20160006', 'IE209.K01', 10.00);
INSERT INTO `bangdiema3` VALUES ('20160006', 'IT001.K02', 9.00);
INSERT INTO `bangdiema3` VALUES ('20160006', 'IT002.L01', 0.00);
INSERT INTO `bangdiema3` VALUES ('20160007', 'IE209.K01', 9.00);
INSERT INTO `bangdiema3` VALUES ('20160007', 'IT001.K02', 9.00);
INSERT INTO `bangdiema3` VALUES ('20160007', 'IT002.L01', 0.00);
INSERT INTO `bangdiema3` VALUES ('20160008', 'IE209.K01', 8.00);
INSERT INTO `bangdiema3` VALUES ('20160008', 'IT001.K02', 8.00);
INSERT INTO `bangdiema3` VALUES ('20160008', 'IT002.L01', 0.00);
INSERT INTO `bangdiema3` VALUES ('20160009', 'IE209.K01', 7.00);
INSERT INTO `bangdiema3` VALUES ('20160009', 'IT001.K02', 9.00);
INSERT INTO `bangdiema3` VALUES ('20160009', 'IT002.L01', 0.00);
INSERT INTO `bangdiema3` VALUES ('20160010', 'IE209.K01', 6.00);
INSERT INTO `bangdiema3` VALUES ('20160010', 'IT001.K02', 7.00);
INSERT INTO `bangdiema3` VALUES ('20160010', 'IT002.L01', 0.00);
INSERT INTO `bangdiema3` VALUES ('20160011', 'IE209.K01', 8.00);
INSERT INTO `bangdiema3` VALUES ('20160011', 'IT001.K02', 8.00);
INSERT INTO `bangdiema3` VALUES ('20160011', 'IT002.L01', 0.00);
INSERT INTO `bangdiema3` VALUES ('20160012', 'IE209.K01', 9.00);
INSERT INTO `bangdiema3` VALUES ('20160012', 'IT001.K02', 8.50);
INSERT INTO `bangdiema3` VALUES ('20160012', 'IT002.L01', 0.00);
INSERT INTO `bangdiema3` VALUES ('20160013', 'IE209.K01', 8.00);
INSERT INTO `bangdiema3` VALUES ('20160013', 'IT001.K02', 7.50);
INSERT INTO `bangdiema3` VALUES ('20160013', 'IT002.L01', 0.00);
INSERT INTO `bangdiema3` VALUES ('20160014', 'IE209.K01', 9.50);
INSERT INTO `bangdiema3` VALUES ('20160014', 'IT001.K02', 9.00);
INSERT INTO `bangdiema3` VALUES ('20160014', 'IT002.L01', 0.00);
INSERT INTO `bangdiema3` VALUES ('20160015', 'IE209.K01', 8.00);
INSERT INTO `bangdiema3` VALUES ('20160015', 'IT001.K02', 9.00);
INSERT INTO `bangdiema3` VALUES ('20160015', 'IT002.L01', 0.00);
INSERT INTO `bangdiema3` VALUES ('20160016', 'IE209.K01', 6.00);
INSERT INTO `bangdiema3` VALUES ('20160016', 'IT001.K02', 9.50);
INSERT INTO `bangdiema3` VALUES ('20160016', 'IT002.L01', 0.00);
INSERT INTO `bangdiema3` VALUES ('20160017', 'IE209.K01', 5.00);
INSERT INTO `bangdiema3` VALUES ('20160017', 'IT001.K02', 6.50);
INSERT INTO `bangdiema3` VALUES ('20160017', 'IT002.L01', 0.00);
INSERT INTO `bangdiema3` VALUES ('20160018', 'IE209.K01', 7.00);
INSERT INTO `bangdiema3` VALUES ('20160018', 'IT001.K02', 8.00);
INSERT INTO `bangdiema3` VALUES ('20160018', 'IT002.L01', 0.00);
INSERT INTO `bangdiema3` VALUES ('20160019', 'IE209.K01', 4.00);
INSERT INTO `bangdiema3` VALUES ('20160019', 'IT001.K02', 8.00);
INSERT INTO `bangdiema3` VALUES ('20160019', 'IT002.L01', 0.00);
INSERT INTO `bangdiema3` VALUES ('20160020', 'IE209.K01', 9.00);
INSERT INTO `bangdiema3` VALUES ('20160020', 'IT001.K02', 10.00);
INSERT INTO `bangdiema3` VALUES ('20160020', 'IT002.L01', 0.00);
INSERT INTO `bangdiema3` VALUES ('20160021', 'IE209.K02', 7.00);
INSERT INTO `bangdiema3` VALUES ('20160021', 'IT001.K01', 9.00);
INSERT INTO `bangdiema3` VALUES ('20160021', 'IT002.L02', 0.00);
INSERT INTO `bangdiema3` VALUES ('20160022', 'IE209.K02', 10.00);
INSERT INTO `bangdiema3` VALUES ('20160022', 'IT001.K01', 9.00);
INSERT INTO `bangdiema3` VALUES ('20160022', 'IT002.L02', 0.00);
INSERT INTO `bangdiema3` VALUES ('20160023', 'IE209.K02', 5.00);
INSERT INTO `bangdiema3` VALUES ('20160023', 'IT001.K01', 9.00);
INSERT INTO `bangdiema3` VALUES ('20160023', 'IT002.L02', 0.00);
INSERT INTO `bangdiema3` VALUES ('20160024', 'IE209.K02', 7.00);
INSERT INTO `bangdiema3` VALUES ('20160024', 'IT001.K01', 9.00);
INSERT INTO `bangdiema3` VALUES ('20160024', 'IT002.L02', 0.00);
INSERT INTO `bangdiema3` VALUES ('20160025', 'IE209.K02', 6.00);
INSERT INTO `bangdiema3` VALUES ('20160025', 'IT001.K01', 8.00);
INSERT INTO `bangdiema3` VALUES ('20160025', 'IT002.L02', 0.00);
INSERT INTO `bangdiema3` VALUES ('20160026', 'IE209.K02', 9.00);
INSERT INTO `bangdiema3` VALUES ('20160026', 'IT001.K01', 7.00);
INSERT INTO `bangdiema3` VALUES ('20160026', 'IT002.L02', 0.00);
INSERT INTO `bangdiema3` VALUES ('20160027', 'IE209.K02', 4.00);
INSERT INTO `bangdiema3` VALUES ('20160027', 'IT001.K01', 10.00);
INSERT INTO `bangdiema3` VALUES ('20160027', 'IT002.L02', 0.00);
INSERT INTO `bangdiema3` VALUES ('20160028', 'IE209.K02', 8.00);
INSERT INTO `bangdiema3` VALUES ('20160028', 'IT001.K01', 9.00);
INSERT INTO `bangdiema3` VALUES ('20160028', 'IT002.L02', 0.00);
INSERT INTO `bangdiema3` VALUES ('20160029', 'IE209.K02', 4.00);
INSERT INTO `bangdiema3` VALUES ('20160029', 'IT001.K01', 8.00);
INSERT INTO `bangdiema3` VALUES ('20160029', 'IT002.L02', 0.00);
INSERT INTO `bangdiema3` VALUES ('20160030', 'IE209.K02', 9.00);
INSERT INTO `bangdiema3` VALUES ('20160030', 'IT001.K01', 10.00);
INSERT INTO `bangdiema3` VALUES ('20160030', 'IT002.L02', 0.00);
INSERT INTO `bangdiema3` VALUES ('20160031', 'IE209.K02', 7.00);
INSERT INTO `bangdiema3` VALUES ('20160031', 'IT001.K01', 9.00);
INSERT INTO `bangdiema3` VALUES ('20160031', 'IT002.L02', 0.00);
INSERT INTO `bangdiema3` VALUES ('20160032', 'IE209.K02', 10.00);
INSERT INTO `bangdiema3` VALUES ('20160032', 'IT001.K01', 9.00);
INSERT INTO `bangdiema3` VALUES ('20160032', 'IT002.L02', 0.00);
INSERT INTO `bangdiema3` VALUES ('20160033', 'IE209.K02', 5.00);
INSERT INTO `bangdiema3` VALUES ('20160033', 'IT001.K01', 9.00);
INSERT INTO `bangdiema3` VALUES ('20160033', 'IT002.L02', 0.00);
INSERT INTO `bangdiema3` VALUES ('20160034', 'IE209.K02', 7.00);
INSERT INTO `bangdiema3` VALUES ('20160034', 'IT001.K01', 9.00);
INSERT INTO `bangdiema3` VALUES ('20160034', 'IT002.L02', 0.00);
INSERT INTO `bangdiema3` VALUES ('20160035', 'IE209.K02', 6.00);
INSERT INTO `bangdiema3` VALUES ('20160035', 'IT001.K01', 8.00);
INSERT INTO `bangdiema3` VALUES ('20160035', 'IT002.L02', 0.00);
INSERT INTO `bangdiema3` VALUES ('20160036', 'IE209.K02', 9.00);
INSERT INTO `bangdiema3` VALUES ('20160036', 'IT001.K01', 7.00);
INSERT INTO `bangdiema3` VALUES ('20160036', 'IT002.L02', 0.00);
INSERT INTO `bangdiema3` VALUES ('20160037', 'IE209.K02', 4.00);
INSERT INTO `bangdiema3` VALUES ('20160037', 'IT001.K01', 10.00);
INSERT INTO `bangdiema3` VALUES ('20160037', 'IT002.L02', 0.00);
INSERT INTO `bangdiema3` VALUES ('20160038', 'IE209.K02', 8.00);
INSERT INTO `bangdiema3` VALUES ('20160038', 'IT001.K01', 9.00);
INSERT INTO `bangdiema3` VALUES ('20160038', 'IT002.L02', 0.00);
INSERT INTO `bangdiema3` VALUES ('20160039', 'IE209.K02', 9.00);
INSERT INTO `bangdiema3` VALUES ('20160039', 'IT001.K01', 10.00);
INSERT INTO `bangdiema3` VALUES ('20160039', 'IT002.L02', 0.00);
INSERT INTO `bangdiema3` VALUES ('20160040', 'IE209.K02', 9.00);
INSERT INTO `bangdiema3` VALUES ('20160040', 'IT001.K01', 9.00);
INSERT INTO `bangdiema3` VALUES ('20160040', 'IT002.L02', 0.00);

-- ----------------------------
-- Table structure for bangdiema4
-- ----------------------------
DROP TABLE IF EXISTS `bangdiema4`;
CREATE TABLE `bangdiema4`  (
  `mssv` varchar(10) CHARACTER SET utf8 COLLATE utf8_unicode_ci NOT NULL,
  `malop` varchar(10) CHARACTER SET utf8 COLLATE utf8_unicode_ci NOT NULL,
  `diemcau1` float(4, 2) NULL DEFAULT NULL,
  `diemcau2` float(4, 2) NULL DEFAULT NULL,
  `diemcau3` float(4, 2) NULL DEFAULT NULL,
  `tongdiema4` float(4, 2) NULL DEFAULT NULL,
  PRIMARY KEY (`mssv`, `malop`) USING BTREE,
  INDEX `fk_bangdiema4.malop`(`malop`) USING BTREE,
  CONSTRAINT `fk_bangdiema4.malop` FOREIGN KEY (`malop`) REFERENCES `lophoc` (`malophoc`) ON DELETE RESTRICT ON UPDATE RESTRICT,
  CONSTRAINT `fk_bangdiema4.mssv` FOREIGN KEY (`mssv`) REFERENCES `sinhvien` (`mssv`) ON DELETE RESTRICT ON UPDATE RESTRICT
) ENGINE = InnoDB CHARACTER SET = utf8 COLLATE = utf8_unicode_ci ROW_FORMAT = Dynamic;

-- ----------------------------
-- Records of bangdiema4
-- ----------------------------
INSERT INTO `bangdiema4` VALUES ('17521110', 'IE209.L02', 2.00, 2.00, 3.00, 7.00);
INSERT INTO `bangdiema4` VALUES ('17521110', 'IT001.L01', 0.00, 0.00, 0.00, 0.00);
INSERT INTO `bangdiema4` VALUES ('20150001', 'IE209.J01', 4.00, 1.00, 5.00, 10.00);
INSERT INTO `bangdiema4` VALUES ('20150001', 'IT001.J02', 2.00, 1.00, 4.00, 7.00);
INSERT INTO `bangdiema4` VALUES ('20150001', 'IT002.K01', 1.00, 3.00, 4.00, 8.00);
INSERT INTO `bangdiema4` VALUES ('20150002', 'IE209.J01', 3.00, 0.50, 4.00, 7.50);
INSERT INTO `bangdiema4` VALUES ('20150002', 'IT001.J02', 2.00, 2.00, 5.00, 9.00);
INSERT INTO `bangdiema4` VALUES ('20150002', 'IT002.K01', 2.00, 2.00, 3.00, 7.00);
INSERT INTO `bangdiema4` VALUES ('20150003', 'IE209.J01', 2.00, 0.00, 3.00, 5.00);
INSERT INTO `bangdiema4` VALUES ('20150003', 'IT001.J02', 2.00, 2.00, 3.00, 7.00);
INSERT INTO `bangdiema4` VALUES ('20150003', 'IT002.K01', 2.00, 3.00, 3.00, 8.00);
INSERT INTO `bangdiema4` VALUES ('20150004', 'IE209.J01', 4.00, 0.00, 4.00, 8.00);
INSERT INTO `bangdiema4` VALUES ('20150004', 'IT001.J02', 3.00, 1.00, 4.00, 8.00);
INSERT INTO `bangdiema4` VALUES ('20150004', 'IT002.K01', 1.00, 3.00, 3.00, 7.00);
INSERT INTO `bangdiema4` VALUES ('20150005', 'IE209.K01', 1.00, 1.00, 4.00, 6.00);
INSERT INTO `bangdiema4` VALUES ('20150005', 'IT001.J02', 2.00, 2.00, 1.00, 5.00);
INSERT INTO `bangdiema4` VALUES ('20150005', 'IT002.K01', 2.00, 1.00, 3.00, 6.00);
INSERT INTO `bangdiema4` VALUES ('20150006', 'IE209.K01', 4.00, 1.00, 5.00, 10.00);
INSERT INTO `bangdiema4` VALUES ('20150006', 'IT001.J02', 2.00, 2.00, 1.00, 5.00);
INSERT INTO `bangdiema4` VALUES ('20150006', 'IT002.K01', 1.00, 3.00, 4.00, 8.00);
INSERT INTO `bangdiema4` VALUES ('20150007', 'IE209.K01', 2.00, 1.00, 2.00, 5.00);
INSERT INTO `bangdiema4` VALUES ('20150007', 'IT001.J02', 2.00, 2.00, 3.00, 7.00);
INSERT INTO `bangdiema4` VALUES ('20150007', 'IT002.K01', 2.00, 2.00, 3.00, 7.00);
INSERT INTO `bangdiema4` VALUES ('20150008', 'IE209.K01', 3.00, 1.00, 1.00, 5.00);
INSERT INTO `bangdiema4` VALUES ('20150008', 'IT001.J02', 1.00, 1.00, 4.00, 6.00);
INSERT INTO `bangdiema4` VALUES ('20150008', 'IT002.K01', 2.00, 3.00, 3.00, 8.00);
INSERT INTO `bangdiema4` VALUES ('20150009', 'IE209.J01', 4.00, 1.00, 2.00, 7.00);
INSERT INTO `bangdiema4` VALUES ('20150009', 'IT001.J02', 1.00, 1.00, 5.00, 7.00);
INSERT INTO `bangdiema4` VALUES ('20150009', 'IT002.K01', 1.00, 3.00, 3.00, 7.00);
INSERT INTO `bangdiema4` VALUES ('20150010', 'IE209.J01', 3.00, 0.50, 4.00, 7.50);
INSERT INTO `bangdiema4` VALUES ('20150010', 'IT001.J02', 0.00, 1.00, 3.00, 4.00);
INSERT INTO `bangdiema4` VALUES ('20150010', 'IT002.K01', 2.00, 0.00, 3.00, 5.00);
INSERT INTO `bangdiema4` VALUES ('20150011', 'IE209.J01', 2.00, 1.00, 2.00, 5.00);
INSERT INTO `bangdiema4` VALUES ('20150011', 'IT001.J02', 0.00, 1.00, 4.00, 5.00);
INSERT INTO `bangdiema4` VALUES ('20150011', 'IT002.K01', 1.00, 3.00, 3.00, 7.00);
INSERT INTO `bangdiema4` VALUES ('20150012', 'IE209.J01', 2.00, 0.00, 5.00, 7.00);
INSERT INTO `bangdiema4` VALUES ('20150012', 'IT001.J02', 2.00, 2.00, 1.00, 5.00);
INSERT INTO `bangdiema4` VALUES ('20150012', 'IT002.K01', 2.00, 2.00, 3.50, 7.50);
INSERT INTO `bangdiema4` VALUES ('20150013', 'IE209.J01', 3.00, 1.00, 2.00, 6.00);
INSERT INTO `bangdiema4` VALUES ('20150013', 'IT001.J02', 0.00, 1.50, 1.00, 2.50);
INSERT INTO `bangdiema4` VALUES ('20150013', 'IT002.K01', 1.00, 2.00, 4.00, 7.00);
INSERT INTO `bangdiema4` VALUES ('20150014', 'IE209.J01', 2.00, 1.00, 4.00, 7.00);
INSERT INTO `bangdiema4` VALUES ('20150014', 'IT001.J02', 0.00, 1.50, 2.00, 3.50);
INSERT INTO `bangdiema4` VALUES ('20150014', 'IT002.K01', 2.00, 2.50, 5.00, 9.50);
INSERT INTO `bangdiema4` VALUES ('20150015', 'IE209.J01', 3.00, 0.00, 3.00, 6.00);
INSERT INTO `bangdiema4` VALUES ('20150015', 'IT001.J02', 2.00, 2.00, 4.00, 8.00);
INSERT INTO `bangdiema4` VALUES ('20150015', 'IT002.K01', 2.00, 1.00, 2.00, 5.00);
INSERT INTO `bangdiema4` VALUES ('20150016', 'IE209.J01', 4.00, 0.00, 1.00, 5.00);
INSERT INTO `bangdiema4` VALUES ('20150016', 'IT001.J02', 1.00, 1.00, 2.50, 4.50);
INSERT INTO `bangdiema4` VALUES ('20150016', 'IT002.K01', 2.00, 1.50, 3.00, 6.50);
INSERT INTO `bangdiema4` VALUES ('20150017', 'IE209.J01', 3.00, 1.00, 2.00, 6.00);
INSERT INTO `bangdiema4` VALUES ('20150017', 'IT001.J02', 2.00, 1.00, 1.50, 4.50);
INSERT INTO `bangdiema4` VALUES ('20150017', 'IT002.K01', 1.00, 2.00, 4.50, 7.50);
INSERT INTO `bangdiema4` VALUES ('20150018', 'IE209.J01', 3.00, 1.00, 2.00, 6.00);
INSERT INTO `bangdiema4` VALUES ('20150018', 'IT001.J02', 2.50, 1.00, 3.50, 7.00);
INSERT INTO `bangdiema4` VALUES ('20150018', 'IT002.K01', 1.00, 3.00, 1.00, 5.00);
INSERT INTO `bangdiema4` VALUES ('20150019', 'IE209.J01', 3.50, 1.00, 4.00, 8.50);
INSERT INTO `bangdiema4` VALUES ('20150019', 'IT001.J02', 1.00, 2.00, 4.50, 7.50);
INSERT INTO `bangdiema4` VALUES ('20150019', 'IT002.K01', 1.00, 2.00, 0.00, 3.00);
INSERT INTO `bangdiema4` VALUES ('20150020', 'IE209.J01', 2.50, 0.50, 3.00, 6.00);
INSERT INTO `bangdiema4` VALUES ('20150020', 'IT001.J02', 1.50, 2.00, 1.00, 4.50);
INSERT INTO `bangdiema4` VALUES ('20150020', 'IT002.K01', 2.00, 1.00, 2.00, 5.00);
INSERT INTO `bangdiema4` VALUES ('20150021', 'IE209.J02', 2.00, 0.00, 2.50, 4.50);
INSERT INTO `bangdiema4` VALUES ('20150021', 'IT001.J01', 3.00, 1.00, 2.00, 6.00);
INSERT INTO `bangdiema4` VALUES ('20150021', 'IT001.K02', 3.00, 1.00, 4.00, 8.00);
INSERT INTO `bangdiema4` VALUES ('20150022', 'IE209.J02', 1.00, 0.00, 3.00, 4.00);
INSERT INTO `bangdiema4` VALUES ('20150022', 'IT001.J01', 2.00, 2.00, 2.00, 6.00);
INSERT INTO `bangdiema4` VALUES ('20150022', 'IT001.K02', 2.00, 2.00, 1.00, 5.00);
INSERT INTO `bangdiema4` VALUES ('20150023', 'IE209.J02', 2.00, 1.00, 2.00, 5.00);
INSERT INTO `bangdiema4` VALUES ('20150023', 'IT001.J01', 3.00, 2.00, 1.00, 6.00);
INSERT INTO `bangdiema4` VALUES ('20150023', 'IT001.K02', 3.00, 2.00, 1.00, 6.00);
INSERT INTO `bangdiema4` VALUES ('20150024', 'IE209.J02', 3.00, 1.00, 3.00, 7.00);
INSERT INTO `bangdiema4` VALUES ('20150024', 'IT001.J01', 3.00, 1.00, 3.00, 7.00);
INSERT INTO `bangdiema4` VALUES ('20150024', 'IT001.K02', 3.00, 1.00, 2.00, 6.00);
INSERT INTO `bangdiema4` VALUES ('20150025', 'IE209.J02', 4.00, 1.00, 2.00, 7.00);
INSERT INTO `bangdiema4` VALUES ('20150025', 'IT001.K02', 1.00, 2.00, 4.00, 7.00);
INSERT INTO `bangdiema4` VALUES ('20150025', 'IT001.L02', 0.00, 0.00, 0.00, 0.00);
INSERT INTO `bangdiema4` VALUES ('20150026', 'IE209.J02', 3.00, 1.00, 3.00, 7.00);
INSERT INTO `bangdiema4` VALUES ('20150026', 'IT001.K02', 3.00, 2.00, 2.50, 7.50);
INSERT INTO `bangdiema4` VALUES ('20150026', 'IT001.L02', 0.00, 0.00, 0.00, 0.00);
INSERT INTO `bangdiema4` VALUES ('20150027', 'IE209.J02', 2.00, 0.50, 2.00, 4.50);
INSERT INTO `bangdiema4` VALUES ('20150027', 'IT001.K02', 2.00, 2.00, 1.50, 5.50);
INSERT INTO `bangdiema4` VALUES ('20150027', 'IT001.L02', 0.00, 0.00, 0.00, 0.00);
INSERT INTO `bangdiema4` VALUES ('20150028', 'IE209.J02', 1.00, 1.00, 5.00, 7.00);
INSERT INTO `bangdiema4` VALUES ('20150028', 'IT001.K02', 3.00, 1.00, 3.50, 7.50);
INSERT INTO `bangdiema4` VALUES ('20150028', 'IT001.L02', 0.00, 0.00, 0.00, 0.00);
INSERT INTO `bangdiema4` VALUES ('20150029', 'IE209.J02', 3.00, 1.00, 3.00, 7.00);
INSERT INTO `bangdiema4` VALUES ('20150029', 'IT001.K02', 3.00, 2.00, 4.50, 9.50);
INSERT INTO `bangdiema4` VALUES ('20150029', 'IT001.L02', 0.00, 0.00, 0.00, 0.00);
INSERT INTO `bangdiema4` VALUES ('20150030', 'IE209.J02', 2.00, 1.00, 4.00, 7.00);
INSERT INTO `bangdiema4` VALUES ('20150030', 'IT001.K02', 0.00, 2.00, 1.00, 3.00);
INSERT INTO `bangdiema4` VALUES ('20150030', 'IT001.L02', 0.00, 0.00, 0.00, 0.00);
INSERT INTO `bangdiema4` VALUES ('20150031', 'IE209.J02', 3.00, 1.00, 2.00, 6.00);
INSERT INTO `bangdiema4` VALUES ('20150031', 'IT001.J01', 3.00, 1.00, 3.50, 7.50);
INSERT INTO `bangdiema4` VALUES ('20150031', 'IT001.K02', 3.00, 2.00, 3.00, 8.00);
INSERT INTO `bangdiema4` VALUES ('20150032', 'IE209.J02', 3.00, 1.00, 3.00, 7.00);
INSERT INTO `bangdiema4` VALUES ('20150032', 'IT001.J01', 2.00, 2.00, 4.50, 8.50);
INSERT INTO `bangdiema4` VALUES ('20150032', 'IT001.K02', 2.00, 1.00, 5.00, 8.00);
INSERT INTO `bangdiema4` VALUES ('20150033', 'IE209.J02', 3.00, 1.00, 5.00, 9.00);
INSERT INTO `bangdiema4` VALUES ('20150033', 'IT001.J01', 2.00, 1.00, 1.00, 4.00);
INSERT INTO `bangdiema4` VALUES ('20150033', 'IT001.K02', 2.00, 1.00, 4.00, 7.00);
INSERT INTO `bangdiema4` VALUES ('20150034', 'IE209.J02', 4.00, 1.00, 4.00, 9.00);
INSERT INTO `bangdiema4` VALUES ('20150034', 'IT001.J01', 2.50, 2.00, 3.00, 7.50);
INSERT INTO `bangdiema4` VALUES ('20150034', 'IT001.K02', 2.50, 2.00, 4.50, 9.00);
INSERT INTO `bangdiema4` VALUES ('20150035', 'IE209.J02', 3.00, 1.00, 2.00, 6.00);
INSERT INTO `bangdiema4` VALUES ('20150035', 'IT001.J01', 1.00, 2.00, 5.00, 8.00);
INSERT INTO `bangdiema4` VALUES ('20150035', 'IT001.K02', 1.00, 1.00, 2.00, 4.00);
INSERT INTO `bangdiema4` VALUES ('20150036', 'IE209.J02', 2.00, 1.00, 3.00, 6.00);
INSERT INTO `bangdiema4` VALUES ('20150036', 'IT001.J01', 1.50, 2.00, 4.00, 7.50);
INSERT INTO `bangdiema4` VALUES ('20150036', 'IT001.K02', 0.00, 2.00, 1.00, 3.00);
INSERT INTO `bangdiema4` VALUES ('20150037', 'IE209.J02', 3.00, 1.00, 5.00, 9.00);
INSERT INTO `bangdiema4` VALUES ('20150037', 'IT001.J01', 2.00, 1.00, 4.50, 7.50);
INSERT INTO `bangdiema4` VALUES ('20150037', 'IT001.K02', 0.00, 2.00, 3.00, 5.00);
INSERT INTO `bangdiema4` VALUES ('20150038', 'IE209.J02', 3.00, 0.50, 2.00, 5.50);
INSERT INTO `bangdiema4` VALUES ('20150038', 'IT001.J01', 3.00, 1.00, 2.00, 6.00);
INSERT INTO `bangdiema4` VALUES ('20150038', 'IT001.K02', 2.00, 2.00, 4.00, 8.00);
INSERT INTO `bangdiema4` VALUES ('20150039', 'IE209.J02', 3.00, 1.00, 3.00, 7.00);
INSERT INTO `bangdiema4` VALUES ('20150039', 'IT001.J01', 2.00, 1.00, 1.00, 4.00);
INSERT INTO `bangdiema4` VALUES ('20150039', 'IT001.K02', 1.00, 1.00, 5.00, 7.00);
INSERT INTO `bangdiema4` VALUES ('20150040', 'IE209.J02', 2.00, 0.00, 4.00, 6.00);
INSERT INTO `bangdiema4` VALUES ('20150040', 'IT001.J01', 1.00, 2.00, 3.00, 6.00);
INSERT INTO `bangdiema4` VALUES ('20150040', 'IT001.K02', 3.00, 1.50, 3.00, 7.50);
INSERT INTO `bangdiema4` VALUES ('20160001', 'IE209.K01', 4.00, 1.00, 3.00, 8.00);
INSERT INTO `bangdiema4` VALUES ('20160001', 'IT001.K02', 0.00, 2.00, 4.00, 6.00);
INSERT INTO `bangdiema4` VALUES ('20160001', 'IT002.L01', 0.00, 0.00, 0.00, 0.00);
INSERT INTO `bangdiema4` VALUES ('20160002', 'IE209.K01', 4.00, 1.00, 3.00, 8.00);
INSERT INTO `bangdiema4` VALUES ('20160002', 'IT001.K02', 3.00, 1.00, 1.00, 5.00);
INSERT INTO `bangdiema4` VALUES ('20160002', 'IT002.L01', 0.00, 0.00, 0.00, 0.00);
INSERT INTO `bangdiema4` VALUES ('20160003', 'IE209.K01', 1.00, 0.00, 5.00, 6.00);
INSERT INTO `bangdiema4` VALUES ('20160003', 'IT001.K02', 3.00, 2.00, 1.00, 6.00);
INSERT INTO `bangdiema4` VALUES ('20160003', 'IT002.L01', 0.00, 0.00, 0.00, 0.00);
INSERT INTO `bangdiema4` VALUES ('20160004', 'IE209.K01', 2.00, 0.00, 2.00, 4.00);
INSERT INTO `bangdiema4` VALUES ('20160004', 'IT001.K02', 0.00, 2.00, 3.00, 5.00);
INSERT INTO `bangdiema4` VALUES ('20160004', 'IT002.L01', 0.00, 0.00, 0.00, 0.00);
INSERT INTO `bangdiema4` VALUES ('20160005', 'IE209.K01', 4.00, 1.00, 4.00, 9.00);
INSERT INTO `bangdiema4` VALUES ('20160005', 'IT001.K02', 3.00, 2.00, 4.00, 9.00);
INSERT INTO `bangdiema4` VALUES ('20160005', 'IT002.L01', 0.00, 0.00, 0.00, 0.00);
INSERT INTO `bangdiema4` VALUES ('20160006', 'IE209.K01', 3.00, 1.00, 3.00, 7.00);
INSERT INTO `bangdiema4` VALUES ('20160006', 'IT001.K02', 2.00, 1.00, 4.00, 7.00);
INSERT INTO `bangdiema4` VALUES ('20160006', 'IT002.L01', 0.00, 0.00, 0.00, 0.00);
INSERT INTO `bangdiema4` VALUES ('20160007', 'IE209.K01', 2.00, 1.00, 1.00, 4.00);
INSERT INTO `bangdiema4` VALUES ('20160007', 'IT001.K02', 2.00, 2.00, 3.00, 7.00);
INSERT INTO `bangdiema4` VALUES ('20160007', 'IT002.L01', 0.00, 0.00, 0.00, 0.00);
INSERT INTO `bangdiema4` VALUES ('20160008', 'IE209.K01', 4.00, 0.50, 2.00, 6.50);
INSERT INTO `bangdiema4` VALUES ('20160008', 'IT001.K02', 2.50, 2.00, 5.00, 9.50);
INSERT INTO `bangdiema4` VALUES ('20160008', 'IT002.L01', 0.00, 0.00, 0.00, 0.00);
INSERT INTO `bangdiema4` VALUES ('20160009', 'IE209.K01', 1.00, 0.00, 2.00, 3.00);
INSERT INTO `bangdiema4` VALUES ('20160009', 'IT001.K02', 1.00, 2.00, 3.00, 6.00);
INSERT INTO `bangdiema4` VALUES ('20160009', 'IT002.L01', 0.00, 0.00, 0.00, 0.00);
INSERT INTO `bangdiema4` VALUES ('20160010', 'IE209.K01', 4.00, 0.00, 4.00, 8.00);
INSERT INTO `bangdiema4` VALUES ('20160010', 'IT001.K02', 0.00, 1.00, 4.00, 5.00);
INSERT INTO `bangdiema4` VALUES ('20160010', 'IT002.L01', 0.00, 0.00, 0.00, 0.00);
INSERT INTO `bangdiema4` VALUES ('20160011', 'IE209.K01', 2.00, 1.00, 3.00, 6.00);
INSERT INTO `bangdiema4` VALUES ('20160011', 'IT001.K02', 0.00, 1.00, 1.00, 2.00);
INSERT INTO `bangdiema4` VALUES ('20160011', 'IT002.L01', 0.00, 0.00, 0.00, 0.00);
INSERT INTO `bangdiema4` VALUES ('20160012', 'IE209.K01', 3.00, 1.00, 2.50, 6.50);
INSERT INTO `bangdiema4` VALUES ('20160012', 'IT001.K02', 2.00, 1.00, 1.00, 4.00);
INSERT INTO `bangdiema4` VALUES ('20160012', 'IT002.L01', 0.00, 0.00, 0.00, 0.00);
INSERT INTO `bangdiema4` VALUES ('20160013', 'IE209.K01', 4.00, 1.00, 3.00, 8.00);
INSERT INTO `bangdiema4` VALUES ('20160013', 'IT001.K02', 1.00, 1.00, 2.00, 4.00);
INSERT INTO `bangdiema4` VALUES ('20160013', 'IT002.L01', 0.00, 0.00, 0.00, 0.00);
INSERT INTO `bangdiema4` VALUES ('20160014', 'IE209.K01', 3.00, 1.00, 2.00, 6.00);
INSERT INTO `bangdiema4` VALUES ('20160014', 'IT001.K02', 3.00, 2.00, 4.00, 9.00);
INSERT INTO `bangdiema4` VALUES ('20160014', 'IT002.L01', 0.00, 0.00, 0.00, 0.00);
INSERT INTO `bangdiema4` VALUES ('20160015', 'IE209.K01', 2.00, 0.50, 3.00, 5.50);
INSERT INTO `bangdiema4` VALUES ('20160015', 'IT001.K02', 0.00, 1.50, 2.50, 4.00);
INSERT INTO `bangdiema4` VALUES ('20160015', 'IT002.L01', 0.00, 0.00, 0.00, 0.00);
INSERT INTO `bangdiema4` VALUES ('20160016', 'IE209.K01', 2.00, 1.00, 2.00, 5.00);
INSERT INTO `bangdiema4` VALUES ('20160016', 'IT001.K02', 3.00, 1.50, 1.50, 6.00);
INSERT INTO `bangdiema4` VALUES ('20160016', 'IT002.L01', 0.00, 0.00, 0.00, 0.00);
INSERT INTO `bangdiema4` VALUES ('20160017', 'IE209.K01', 3.00, 1.00, 3.00, 7.00);
INSERT INTO `bangdiema4` VALUES ('20160017', 'IT001.K02', 2.50, 2.00, 3.50, 8.00);
INSERT INTO `bangdiema4` VALUES ('20160017', 'IT002.L01', 0.00, 0.00, 0.00, 0.00);
INSERT INTO `bangdiema4` VALUES ('20160018', 'IE209.K01', 2.00, 1.00, 2.00, 5.00);
INSERT INTO `bangdiema4` VALUES ('20160018', 'IT001.K02', 1.00, 1.00, 4.50, 6.50);
INSERT INTO `bangdiema4` VALUES ('20160018', 'IT002.L01', 0.00, 0.00, 0.00, 0.00);
INSERT INTO `bangdiema4` VALUES ('20160019', 'IE209.K01', 3.00, 1.00, 5.00, 9.00);
INSERT INTO `bangdiema4` VALUES ('20160019', 'IT001.K02', 1.50, 2.00, 2.50, 6.00);
INSERT INTO `bangdiema4` VALUES ('20160019', 'IT002.L01', 0.00, 0.00, 0.00, 0.00);
INSERT INTO `bangdiema4` VALUES ('20160020', 'IE209.K01', 4.00, 1.00, 3.00, 8.00);
INSERT INTO `bangdiema4` VALUES ('20160020', 'IT001.K02', 3.00, 1.00, 3.00, 7.00);
INSERT INTO `bangdiema4` VALUES ('20160020', 'IT002.L01', 0.00, 0.00, 0.00, 0.00);
INSERT INTO `bangdiema4` VALUES ('20160021', 'IE209.K02', 3.00, 1.00, 4.00, 8.00);
INSERT INTO `bangdiema4` VALUES ('20160021', 'IT001.K01', 2.00, 1.00, 3.00, 6.00);
INSERT INTO `bangdiema4` VALUES ('20160021', 'IT002.L02', 0.00, 0.00, 0.00, 0.00);
INSERT INTO `bangdiema4` VALUES ('20160022', 'IE209.K02', 3.00, 1.00, 2.00, 6.00);
INSERT INTO `bangdiema4` VALUES ('20160022', 'IT001.K01', 3.00, 2.00, 5.00, 10.00);
INSERT INTO `bangdiema4` VALUES ('20160022', 'IT002.L02', 0.00, 0.00, 0.00, 0.00);
INSERT INTO `bangdiema4` VALUES ('20160023', 'IE209.K02', 3.50, 1.00, 3.00, 7.50);
INSERT INTO `bangdiema4` VALUES ('20160023', 'IT001.K01', 2.00, 2.00, 4.00, 8.00);
INSERT INTO `bangdiema4` VALUES ('20160023', 'IT002.L02', 0.00, 0.00, 0.00, 0.00);
INSERT INTO `bangdiema4` VALUES ('20160024', 'IE209.K02', 2.50, 1.00, 5.00, 8.50);
INSERT INTO `bangdiema4` VALUES ('20160024', 'IT001.K01', 1.00, 2.00, 4.50, 7.50);
INSERT INTO `bangdiema4` VALUES ('20160024', 'IT002.L02', 0.00, 0.00, 0.00, 0.00);
INSERT INTO `bangdiema4` VALUES ('20160025', 'IE209.K02', 2.00, 0.50, 4.00, 6.50);
INSERT INTO `bangdiema4` VALUES ('20160025', 'IT001.K01', 2.00, 1.00, 2.00, 5.00);
INSERT INTO `bangdiema4` VALUES ('20160025', 'IT002.L02', 0.00, 0.00, 0.00, 0.00);
INSERT INTO `bangdiema4` VALUES ('20160026', 'IE209.K02', 1.00, 1.00, 2.00, 4.00);
INSERT INTO `bangdiema4` VALUES ('20160026', 'IT001.K01', 2.00, 2.00, 1.00, 5.00);
INSERT INTO `bangdiema4` VALUES ('20160026', 'IT002.L02', 0.00, 0.00, 0.00, 0.00);
INSERT INTO `bangdiema4` VALUES ('20160027', 'IE209.K02', 2.00, 0.00, 3.00, 5.00);
INSERT INTO `bangdiema4` VALUES ('20160027', 'IT001.K01', 2.00, 2.00, 3.00, 7.00);
INSERT INTO `bangdiema4` VALUES ('20160027', 'IT002.L02', 0.00, 0.00, 0.00, 0.00);
INSERT INTO `bangdiema4` VALUES ('20160028', 'IE209.K02', 3.00, 1.00, 5.00, 9.00);
INSERT INTO `bangdiema4` VALUES ('20160028', 'IT001.K01', 3.00, 2.00, 4.00, 9.00);
INSERT INTO `bangdiema4` VALUES ('20160028', 'IT002.L02', 0.00, 0.00, 0.00, 0.00);
INSERT INTO `bangdiema4` VALUES ('20160029', 'IE209.K02', 3.00, 1.00, 2.00, 6.00);
INSERT INTO `bangdiema4` VALUES ('20160029', 'IT001.K01', 2.00, 1.00, 5.00, 8.00);
INSERT INTO `bangdiema4` VALUES ('20160029', 'IT002.L02', 0.00, 0.00, 0.00, 0.00);
INSERT INTO `bangdiema4` VALUES ('20160030', 'IE209.K02', 3.00, 0.00, 3.00, 6.00);
INSERT INTO `bangdiema4` VALUES ('20160030', 'IT001.K01', 2.00, 1.00, 3.00, 6.00);
INSERT INTO `bangdiema4` VALUES ('20160030', 'IT002.L02', 0.00, 0.00, 0.00, 0.00);
INSERT INTO `bangdiema4` VALUES ('20160031', 'IE209.K02', 2.00, 0.00, 4.00, 6.00);
INSERT INTO `bangdiema4` VALUES ('20160031', 'IT001.K01', 2.00, 1.00, 4.00, 7.00);
INSERT INTO `bangdiema4` VALUES ('20160031', 'IT002.L02', 0.00, 0.00, 0.00, 0.00);
INSERT INTO `bangdiema4` VALUES ('20160032', 'IE209.K02', 4.00, 1.00, 3.00, 8.00);
INSERT INTO `bangdiema4` VALUES ('20160032', 'IT001.K01', 1.00, 1.00, 1.00, 3.00);
INSERT INTO `bangdiema4` VALUES ('20160032', 'IT002.L02', 0.00, 0.00, 0.00, 0.00);
INSERT INTO `bangdiema4` VALUES ('20160033', 'IE209.K02', 4.00, 1.00, 3.00, 8.00);
INSERT INTO `bangdiema4` VALUES ('20160033', 'IT001.K01', 1.00, 2.00, 1.00, 4.00);
INSERT INTO `bangdiema4` VALUES ('20160033', 'IT002.L02', 0.00, 0.00, 0.00, 0.00);
INSERT INTO `bangdiema4` VALUES ('20160034', 'IE209.K02', 1.00, 1.00, 3.00, 5.00);
INSERT INTO `bangdiema4` VALUES ('20160034', 'IT001.K01', 0.00, 1.50, 3.00, 4.50);
INSERT INTO `bangdiema4` VALUES ('20160034', 'IT002.L02', 0.00, 0.00, 0.00, 0.00);
INSERT INTO `bangdiema4` VALUES ('20160035', 'IE209.K02', 2.00, 0.50, 5.00, 7.50);
INSERT INTO `bangdiema4` VALUES ('20160035', 'IT001.K01', 0.00, 1.50, 4.00, 5.50);
INSERT INTO `bangdiema4` VALUES ('20160035', 'IT002.L02', 0.00, 0.00, 0.00, 0.00);
INSERT INTO `bangdiema4` VALUES ('20160036', 'IE209.K02', 4.00, 0.00, 2.00, 6.00);
INSERT INTO `bangdiema4` VALUES ('20160036', 'IT001.K01', 2.00, 2.00, 4.00, 8.00);
INSERT INTO `bangdiema4` VALUES ('20160036', 'IT002.L02', 0.00, 0.00, 0.00, 0.00);
INSERT INTO `bangdiema4` VALUES ('20160037', 'IE209.K02', 3.00, 0.00, 3.00, 6.00);
INSERT INTO `bangdiema4` VALUES ('20160037', 'IT001.K01', 0.00, 1.00, 3.00, 4.00);
INSERT INTO `bangdiema4` VALUES ('20160037', 'IT002.L02', 0.00, 0.00, 0.00, 0.00);
INSERT INTO `bangdiema4` VALUES ('20160038', 'IE209.K02', 2.00, 1.00, 4.00, 7.00);
INSERT INTO `bangdiema4` VALUES ('20160038', 'IT001.K01', 0.00, 2.00, 5.00, 7.00);
INSERT INTO `bangdiema4` VALUES ('20160038', 'IT002.L02', 0.00, 0.00, 0.00, 0.00);
INSERT INTO `bangdiema4` VALUES ('20160039', 'IE209.K02', 4.00, 1.00, 3.00, 8.00);
INSERT INTO `bangdiema4` VALUES ('20160039', 'IT001.K01', 2.00, 1.00, 3.00, 6.00);
INSERT INTO `bangdiema4` VALUES ('20160039', 'IT002.L02', 0.00, 0.00, 0.00, 0.00);
INSERT INTO `bangdiema4` VALUES ('20160040', 'IE209.K02', 1.00, 1.00, 3.00, 5.00);
INSERT INTO `bangdiema4` VALUES ('20160040', 'IT001.K01', 1.00, 1.00, 3.00, 5.00);
INSERT INTO `bangdiema4` VALUES ('20160040', 'IT002.L02', 0.00, 0.00, 0.00, 0.00);

-- ----------------------------
-- Table structure for cautruca1
-- ----------------------------
DROP TABLE IF EXISTS `cautruca1`;
CREATE TABLE `cautruca1`  (
  `mamon` varchar(10) CHARACTER SET utf8 COLLATE utf8_unicode_ci NOT NULL,
  `g1` float(5, 2) NULL DEFAULT NULL,
  `g2` float(5, 2) NULL DEFAULT NULL,
  `g3` float(5, 2) NULL DEFAULT NULL,
  `g4` float(5, 2) NULL DEFAULT NULL,
  PRIMARY KEY (`mamon`) USING BTREE,
  CONSTRAINT `fk_cautruca1.mamon` FOREIGN KEY (`mamon`) REFERENCES `monhoc` (`mamon`) ON DELETE RESTRICT ON UPDATE RESTRICT
) ENGINE = InnoDB CHARACTER SET = utf8 COLLATE = utf8_unicode_ci ROW_FORMAT = Dynamic;

-- ----------------------------
-- Records of cautruca1
-- ----------------------------
INSERT INTO `cautruca1` VALUES ('IE102', 0.00, 10.00, 0.00, 0.00);
INSERT INTO `cautruca1` VALUES ('IE103', 0.00, 10.00, 0.00, 0.00);
INSERT INTO `cautruca1` VALUES ('IE104', 10.00, 0.00, 0.00, 0.00);
INSERT INTO `cautruca1` VALUES ('IE106', 0.00, 10.00, 0.00, 0.00);
INSERT INTO `cautruca1` VALUES ('IE107', 0.00, 0.00, 10.00, 0.00);
INSERT INTO `cautruca1` VALUES ('IE201', 10.00, 0.00, 0.00, 0.00);
INSERT INTO `cautruca1` VALUES ('IE202', 0.00, 10.00, 0.00, 0.00);
INSERT INTO `cautruca1` VALUES ('IE203', 0.00, 10.00, 0.00, 0.00);
INSERT INTO `cautruca1` VALUES ('IE204', 0.00, 0.00, 10.00, 0.00);
INSERT INTO `cautruca1` VALUES ('IE205', 0.00, 0.00, 10.00, 0.00);
INSERT INTO `cautruca1` VALUES ('IE206', 10.00, 0.00, 0.00, 0.00);
INSERT INTO `cautruca1` VALUES ('IE208', 0.00, 10.00, 0.00, 0.00);
INSERT INTO `cautruca1` VALUES ('IE209', 0.00, 10.00, 0.00, 0.00);
INSERT INTO `cautruca1` VALUES ('IE210', 0.00, 10.00, 0.00, 0.00);
INSERT INTO `cautruca1` VALUES ('IT001', 10.00, 0.00, 0.00, 0.00);
INSERT INTO `cautruca1` VALUES ('IT002', 0.00, 10.00, 0.00, 0.00);
INSERT INTO `cautruca1` VALUES ('IT003', 0.00, 0.00, 10.00, 0.00);
INSERT INTO `cautruca1` VALUES ('IT004', 10.00, 0.00, 0.00, 0.00);
INSERT INTO `cautruca1` VALUES ('IT005', 0.00, 10.00, 0.00, 0.00);
INSERT INTO `cautruca1` VALUES ('IT006', 0.00, 10.00, 0.00, 0.00);
INSERT INTO `cautruca1` VALUES ('IT007', 0.00, 0.00, 10.00, 0.00);
INSERT INTO `cautruca1` VALUES ('IT008', 0.00, 0.00, 10.00, 0.00);
INSERT INTO `cautruca1` VALUES ('IT009', 10.00, 0.00, 0.00, 0.00);
INSERT INTO `cautruca1` VALUES ('IT010', 0.00, 10.00, 0.00, 0.00);

-- ----------------------------
-- Table structure for cautruca2
-- ----------------------------
DROP TABLE IF EXISTS `cautruca2`;
CREATE TABLE `cautruca2`  (
  `mamon` varchar(10) CHARACTER SET utf8 COLLATE utf8_unicode_ci NOT NULL,
  `macau` varchar(255) CHARACTER SET utf8 COLLATE utf8_unicode_ci NOT NULL COMMENT 'M Cu',
  `g1` float(5, 2) NULL DEFAULT NULL,
  `g2` float(5, 2) NULL DEFAULT NULL,
  `g3` float(5, 2) NULL DEFAULT NULL,
  `g4` float(5, 2) NULL DEFAULT NULL,
  `diemcuacau` float(5, 2) NULL DEFAULT NULL,
  PRIMARY KEY (`mamon`, `macau`) USING BTREE,
  CONSTRAINT `fk_cautruca2.mamon` FOREIGN KEY (`mamon`) REFERENCES `monhoc` (`mamon`) ON DELETE RESTRICT ON UPDATE RESTRICT
) ENGINE = InnoDB CHARACTER SET = utf8 COLLATE = utf8_unicode_ci ROW_FORMAT = Dynamic;

-- ----------------------------
-- Records of cautruca2
-- ----------------------------
INSERT INTO `cautruca2` VALUES ('IE102', '1', 0.00, 0.00, 2.00, 0.00, 2.00);
INSERT INTO `cautruca2` VALUES ('IE102', '2', 0.00, 0.00, 0.00, 3.00, 3.00);
INSERT INTO `cautruca2` VALUES ('IE102', '3', 0.00, 0.00, 2.00, 3.00, 5.00);
INSERT INTO `cautruca2` VALUES ('IE103', '1', 0.00, 3.00, 0.00, 0.00, 3.00);
INSERT INTO `cautruca2` VALUES ('IE103', '2', 0.00, 0.00, 3.00, 0.00, 3.00);
INSERT INTO `cautruca2` VALUES ('IE103', '3', 0.00, 2.00, 2.00, 0.00, 4.00);
INSERT INTO `cautruca2` VALUES ('IE104', '1', 0.00, 2.00, 0.00, 2.00, 4.00);
INSERT INTO `cautruca2` VALUES ('IE104', '2', 0.00, 3.00, 0.00, 0.00, 3.00);
INSERT INTO `cautruca2` VALUES ('IE104', '3', 0.00, 0.00, 0.00, 3.00, 3.00);
INSERT INTO `cautruca2` VALUES ('IE106', '1', 0.00, 1.00, 1.00, 0.00, 2.00);
INSERT INTO `cautruca2` VALUES ('IE106', '2', 0.00, 2.00, 2.00, 0.00, 4.00);
INSERT INTO `cautruca2` VALUES ('IE106', '3', 0.00, 2.00, 2.00, 0.00, 4.00);
INSERT INTO `cautruca2` VALUES ('IE107', '1', 0.00, 2.00, 0.00, 0.00, 2.00);
INSERT INTO `cautruca2` VALUES ('IE107', '2', 0.00, 0.00, 2.00, 0.00, 2.00);
INSERT INTO `cautruca2` VALUES ('IE107', '3', 0.00, 3.00, 3.00, 0.00, 6.00);
INSERT INTO `cautruca2` VALUES ('IE201', '1', 0.00, 1.00, 0.00, 1.00, 2.00);
INSERT INTO `cautruca2` VALUES ('IE201', '2', 0.00, 0.00, 0.00, 3.00, 3.00);
INSERT INTO `cautruca2` VALUES ('IE201', '3', 0.00, 5.00, 0.00, 0.00, 5.00);
INSERT INTO `cautruca2` VALUES ('IE202', '1', 0.00, 0.00, 4.00, 0.00, 4.00);
INSERT INTO `cautruca2` VALUES ('IE202', '2', 0.00, 0.00, 0.00, 4.00, 4.00);
INSERT INTO `cautruca2` VALUES ('IE202', '3', 0.00, 0.00, 2.00, 0.00, 2.00);
INSERT INTO `cautruca2` VALUES ('IE203', '1', 0.00, 2.00, 2.00, 0.00, 4.00);
INSERT INTO `cautruca2` VALUES ('IE203', '2', 0.00, 1.00, 1.00, 0.00, 2.00);
INSERT INTO `cautruca2` VALUES ('IE203', '3', 0.00, 2.00, 2.00, 0.00, 4.00);
INSERT INTO `cautruca2` VALUES ('IE204', '1', 0.00, 3.00, 0.00, 0.00, 3.00);
INSERT INTO `cautruca2` VALUES ('IE204', '2', 0.00, 0.00, 2.00, 0.00, 2.00);
INSERT INTO `cautruca2` VALUES ('IE204', '3', 0.00, 5.00, 0.00, 0.00, 5.00);
INSERT INTO `cautruca2` VALUES ('IE205', '1', 3.00, 0.00, 0.00, 0.00, 3.00);
INSERT INTO `cautruca2` VALUES ('IE205', '2', 2.00, 0.00, 0.00, 0.00, 2.00);
INSERT INTO `cautruca2` VALUES ('IE205', '3', 5.00, 0.00, 0.00, 0.00, 5.00);
INSERT INTO `cautruca2` VALUES ('IE206', '1', 0.00, 2.00, 0.00, 2.00, 4.00);
INSERT INTO `cautruca2` VALUES ('IE206', '2', 0.00, 0.00, 0.00, 3.00, 3.00);
INSERT INTO `cautruca2` VALUES ('IE206', '3', 0.00, 0.00, 0.00, 3.00, 3.00);
INSERT INTO `cautruca2` VALUES ('IE208', '1', 0.00, 1.00, 1.00, 0.00, 2.00);
INSERT INTO `cautruca2` VALUES ('IE208', '2', 0.00, 2.00, 0.00, 0.00, 2.00);
INSERT INTO `cautruca2` VALUES ('IE208', '3', 0.00, 3.00, 3.00, 0.00, 6.00);
INSERT INTO `cautruca2` VALUES ('IE209', '1', 0.00, 0.00, 2.00, 0.00, 2.00);
INSERT INTO `cautruca2` VALUES ('IE209', '2', 0.00, 0.00, 0.00, 3.00, 3.00);
INSERT INTO `cautruca2` VALUES ('IE209', '3', 0.00, 0.00, 2.00, 3.00, 5.00);
INSERT INTO `cautruca2` VALUES ('IE210', '1', 0.00, 3.00, 0.00, 0.00, 3.00);
INSERT INTO `cautruca2` VALUES ('IE210', '2', 0.00, 0.00, 3.00, 0.00, 3.00);
INSERT INTO `cautruca2` VALUES ('IE210', '3', 0.00, 2.00, 2.00, 0.00, 4.00);
INSERT INTO `cautruca2` VALUES ('IT001', '1', 0.00, 2.00, 0.00, 2.00, 4.00);
INSERT INTO `cautruca2` VALUES ('IT001', '2', 0.00, 3.00, 0.00, 0.00, 3.00);
INSERT INTO `cautruca2` VALUES ('IT001', '3', 0.00, 0.00, 0.00, 3.00, 3.00);
INSERT INTO `cautruca2` VALUES ('IT002', '1', 0.00, 1.00, 1.00, 0.00, 2.00);
INSERT INTO `cautruca2` VALUES ('IT002', '2', 0.00, 2.00, 2.00, 0.00, 4.00);
INSERT INTO `cautruca2` VALUES ('IT002', '3', 0.00, 2.00, 2.00, 0.00, 4.00);
INSERT INTO `cautruca2` VALUES ('IT003', '1', 0.00, 2.00, 0.00, 0.00, 2.00);
INSERT INTO `cautruca2` VALUES ('IT003', '2', 0.00, 0.00, 2.00, 0.00, 2.00);
INSERT INTO `cautruca2` VALUES ('IT003', '3', 0.00, 3.00, 3.00, 0.00, 6.00);
INSERT INTO `cautruca2` VALUES ('IT004', '1', 0.00, 1.00, 0.00, 1.00, 2.00);
INSERT INTO `cautruca2` VALUES ('IT004', '2', 0.00, 0.00, 0.00, 3.00, 3.00);
INSERT INTO `cautruca2` VALUES ('IT004', '3', 0.00, 5.00, 0.00, 0.00, 5.00);
INSERT INTO `cautruca2` VALUES ('IT005', '1', 0.00, 0.00, 4.00, 0.00, 4.00);
INSERT INTO `cautruca2` VALUES ('IT005', '2', 0.00, 0.00, 0.00, 4.00, 4.00);
INSERT INTO `cautruca2` VALUES ('IT005', '3', 0.00, 0.00, 2.00, 0.00, 2.00);
INSERT INTO `cautruca2` VALUES ('IT006', '1', 0.00, 2.00, 2.00, 0.00, 4.00);
INSERT INTO `cautruca2` VALUES ('IT006', '2', 0.00, 1.00, 1.00, 0.00, 2.00);
INSERT INTO `cautruca2` VALUES ('IT006', '3', 0.00, 2.00, 2.00, 0.00, 4.00);
INSERT INTO `cautruca2` VALUES ('IT007', '1', 0.00, 3.00, 0.00, 0.00, 3.00);
INSERT INTO `cautruca2` VALUES ('IT007', '2', 0.00, 0.00, 2.00, 0.00, 2.00);
INSERT INTO `cautruca2` VALUES ('IT007', '3', 0.00, 5.00, 0.00, 0.00, 5.00);
INSERT INTO `cautruca2` VALUES ('IT008', '1', 3.00, 0.00, 0.00, 0.00, 3.00);
INSERT INTO `cautruca2` VALUES ('IT008', '2', 2.00, 0.00, 0.00, 0.00, 2.00);
INSERT INTO `cautruca2` VALUES ('IT008', '3', 5.00, 0.00, 0.00, 0.00, 5.00);
INSERT INTO `cautruca2` VALUES ('IT009', '1', 0.00, 2.00, 0.00, 2.00, 4.00);
INSERT INTO `cautruca2` VALUES ('IT009', '2', 0.00, 0.00, 0.00, 3.00, 3.00);
INSERT INTO `cautruca2` VALUES ('IT009', '3', 0.00, 0.00, 0.00, 3.00, 3.00);
INSERT INTO `cautruca2` VALUES ('IT010', '1', 0.00, 1.00, 1.00, 0.00, 2.00);
INSERT INTO `cautruca2` VALUES ('IT010', '2', 0.00, 2.00, 0.00, 0.00, 2.00);
INSERT INTO `cautruca2` VALUES ('IT010', '3', 0.00, 3.00, 3.00, 0.00, 6.00);

-- ----------------------------
-- Table structure for cautruca3
-- ----------------------------
DROP TABLE IF EXISTS `cautruca3`;
CREATE TABLE `cautruca3`  (
  `mamon` varchar(10) CHARACTER SET utf8 COLLATE utf8_unicode_ci NOT NULL,
  `g1` float(5, 2) NULL DEFAULT NULL,
  `g2` float(5, 2) NULL DEFAULT NULL,
  `g3` float(5, 2) NULL DEFAULT NULL,
  `g4` float(5, 2) NULL DEFAULT NULL,
  PRIMARY KEY (`mamon`) USING BTREE,
  CONSTRAINT `fk_cautruca3.mamon` FOREIGN KEY (`mamon`) REFERENCES `monhoc` (`mamon`) ON DELETE RESTRICT ON UPDATE RESTRICT
) ENGINE = InnoDB CHARACTER SET = utf8 COLLATE = utf8_unicode_ci ROW_FORMAT = Dynamic;

-- ----------------------------
-- Records of cautruca3
-- ----------------------------
INSERT INTO `cautruca3` VALUES ('IE102', 5.00, 0.00, 0.00, 5.00);
INSERT INTO `cautruca3` VALUES ('IE103', 0.00, 0.00, 5.00, 5.00);
INSERT INTO `cautruca3` VALUES ('IE104', 0.00, 0.00, 10.00, 0.00);
INSERT INTO `cautruca3` VALUES ('IE106', 0.00, 0.00, 5.00, 5.00);
INSERT INTO `cautruca3` VALUES ('IE107', 0.00, 0.00, 5.00, 5.00);
INSERT INTO `cautruca3` VALUES ('IE201', 0.00, 0.00, 10.00, 0.00);
INSERT INTO `cautruca3` VALUES ('IE202', 5.00, 0.00, 0.00, 5.00);
INSERT INTO `cautruca3` VALUES ('IE203', 0.00, 0.00, 5.00, 5.00);
INSERT INTO `cautruca3` VALUES ('IE204', 0.00, 0.00, 5.00, 5.00);
INSERT INTO `cautruca3` VALUES ('IE205', 0.00, 0.00, 5.00, 5.00);
INSERT INTO `cautruca3` VALUES ('IE206', 0.00, 0.00, 5.00, 5.00);
INSERT INTO `cautruca3` VALUES ('IE208', 0.00, 0.00, 5.00, 5.00);
INSERT INTO `cautruca3` VALUES ('IE209', 5.00, 0.00, 0.00, 5.00);
INSERT INTO `cautruca3` VALUES ('IE210', 0.00, 0.00, 5.00, 5.00);
INSERT INTO `cautruca3` VALUES ('IT001', 0.00, 0.00, 10.00, 0.00);
INSERT INTO `cautruca3` VALUES ('IT002', 0.00, 0.00, 5.00, 5.00);
INSERT INTO `cautruca3` VALUES ('IT003', 0.00, 0.00, 5.00, 5.00);
INSERT INTO `cautruca3` VALUES ('IT004', 0.00, 0.00, 10.00, 0.00);
INSERT INTO `cautruca3` VALUES ('IT005', 5.00, 0.00, 0.00, 5.00);
INSERT INTO `cautruca3` VALUES ('IT006', 0.00, 0.00, 5.00, 5.00);
INSERT INTO `cautruca3` VALUES ('IT007', 0.00, 0.00, 5.00, 5.00);
INSERT INTO `cautruca3` VALUES ('IT008', 0.00, 0.00, 5.00, 5.00);
INSERT INTO `cautruca3` VALUES ('IT009', 0.00, 0.00, 5.00, 5.00);
INSERT INTO `cautruca3` VALUES ('IT010', 0.00, 0.00, 5.00, 5.00);

-- ----------------------------
-- Table structure for cautruca4
-- ----------------------------
DROP TABLE IF EXISTS `cautruca4`;
CREATE TABLE `cautruca4`  (
  `mamon` varchar(10) CHARACTER SET utf8 COLLATE utf8_unicode_ci NOT NULL,
  `macau` varchar(2) CHARACTER SET utf8 COLLATE utf8_unicode_ci NOT NULL,
  `g1` float(5, 2) NULL DEFAULT NULL,
  `g2` float(5, 2) NULL DEFAULT NULL,
  `g3` float(5, 2) NULL DEFAULT NULL,
  `g4` float(5, 2) NULL DEFAULT NULL,
  `diemcuacau` float(5, 2) NULL DEFAULT NULL,
  PRIMARY KEY (`mamon`, `macau`) USING BTREE,
  CONSTRAINT `fk_cautruca4.mamon` FOREIGN KEY (`mamon`) REFERENCES `monhoc` (`mamon`) ON DELETE RESTRICT ON UPDATE RESTRICT
) ENGINE = InnoDB CHARACTER SET = utf8 COLLATE = utf8_unicode_ci ROW_FORMAT = Dynamic;

-- ----------------------------
-- Records of cautruca4
-- ----------------------------
INSERT INTO `cautruca4` VALUES ('IE102', '1', 2.00, 0.00, 0.00, 2.00, 4.00);
INSERT INTO `cautruca4` VALUES ('IE102', '2', 1.00, 0.00, 0.00, 0.00, 1.00);
INSERT INTO `cautruca4` VALUES ('IE102', '3', 0.00, 0.00, 0.00, 5.00, 5.00);
INSERT INTO `cautruca4` VALUES ('IE103', '1', 4.00, 0.00, 0.00, 0.00, 4.00);
INSERT INTO `cautruca4` VALUES ('IE103', '2', 0.00, 0.00, 0.00, 2.00, 2.00);
INSERT INTO `cautruca4` VALUES ('IE103', '3', 2.00, 0.00, 0.00, 2.00, 4.00);
INSERT INTO `cautruca4` VALUES ('IE104', '1', 0.00, 0.00, 3.00, 0.00, 3.00);
INSERT INTO `cautruca4` VALUES ('IE104', '2', 0.00, 0.00, 2.00, 0.00, 2.00);
INSERT INTO `cautruca4` VALUES ('IE104', '3', 5.00, 0.00, 0.00, 0.00, 5.00);
INSERT INTO `cautruca4` VALUES ('IE106', '1', 1.00, 0.00, 0.00, 1.00, 2.00);
INSERT INTO `cautruca4` VALUES ('IE106', '2', 3.00, 0.00, 0.00, 0.00, 3.00);
INSERT INTO `cautruca4` VALUES ('IE106', '3', 0.00, 0.00, 0.00, 5.00, 5.00);
INSERT INTO `cautruca4` VALUES ('IE107', '1', 3.00, 0.00, 0.00, 3.00, 6.00);
INSERT INTO `cautruca4` VALUES ('IE107', '2', 0.00, 0.00, 0.00, 2.00, 2.00);
INSERT INTO `cautruca4` VALUES ('IE107', '3', 0.00, 0.00, 0.00, 2.00, 2.00);
INSERT INTO `cautruca4` VALUES ('IE201', '1', 2.00, 0.00, 0.00, 0.00, 2.00);
INSERT INTO `cautruca4` VALUES ('IE201', '2', 0.00, 0.00, 3.00, 0.00, 3.00);
INSERT INTO `cautruca4` VALUES ('IE201', '3', 5.00, 0.00, 0.00, 0.00, 5.00);
INSERT INTO `cautruca4` VALUES ('IE202', '1', 0.00, 0.00, 0.00, 4.00, 4.00);
INSERT INTO `cautruca4` VALUES ('IE202', '2', 2.00, 0.00, 0.00, 0.00, 2.00);
INSERT INTO `cautruca4` VALUES ('IE202', '3', 2.00, 0.00, 0.00, 2.00, 4.00);
INSERT INTO `cautruca4` VALUES ('IE203', '1', 0.00, 0.00, 0.00, 3.00, 3.00);
INSERT INTO `cautruca4` VALUES ('IE203', '2', 3.00, 0.00, 0.00, 3.00, 6.00);
INSERT INTO `cautruca4` VALUES ('IE203', '3', 0.00, 0.00, 0.00, 1.00, 1.00);
INSERT INTO `cautruca4` VALUES ('IE204', '1', 2.00, 0.00, 0.00, 2.00, 4.00);
INSERT INTO `cautruca4` VALUES ('IE204', '2', 2.00, 0.00, 0.00, 2.00, 4.00);
INSERT INTO `cautruca4` VALUES ('IE204', '3', 1.00, 0.00, 0.00, 1.00, 2.00);
INSERT INTO `cautruca4` VALUES ('IE205', '1', 0.00, 3.00, 0.00, 3.00, 6.00);
INSERT INTO `cautruca4` VALUES ('IE205', '2', 0.00, 1.50, 0.00, 1.50, 3.00);
INSERT INTO `cautruca4` VALUES ('IE205', '3', 0.00, 1.00, 0.00, 0.00, 1.00);
INSERT INTO `cautruca4` VALUES ('IE206', '1', 0.00, 0.00, 0.00, 3.00, 3.00);
INSERT INTO `cautruca4` VALUES ('IE206', '2', 3.00, 0.00, 0.00, 0.00, 3.00);
INSERT INTO `cautruca4` VALUES ('IE206', '3', 4.00, 0.00, 0.00, 0.00, 4.00);
INSERT INTO `cautruca4` VALUES ('IE208', '1', 2.00, 0.00, 0.00, 2.00, 4.00);
INSERT INTO `cautruca4` VALUES ('IE208', '2', 0.00, 0.00, 0.00, 2.00, 2.00);
INSERT INTO `cautruca4` VALUES ('IE208', '3', 2.00, 0.00, 0.00, 2.00, 4.00);
INSERT INTO `cautruca4` VALUES ('IE209', '1', 2.00, 0.00, 0.00, 2.00, 4.00);
INSERT INTO `cautruca4` VALUES ('IE209', '2', 1.00, 0.00, 0.00, 0.00, 1.00);
INSERT INTO `cautruca4` VALUES ('IE209', '3', 0.00, 0.00, 0.00, 5.00, 5.00);
INSERT INTO `cautruca4` VALUES ('IE210', '1', 4.00, 0.00, 0.00, 0.00, 4.00);
INSERT INTO `cautruca4` VALUES ('IE210', '2', 0.00, 0.00, 0.00, 2.00, 2.00);
INSERT INTO `cautruca4` VALUES ('IE210', '3', 2.00, 0.00, 0.00, 2.00, 4.00);
INSERT INTO `cautruca4` VALUES ('IT001', '1', 0.00, 0.00, 3.00, 0.00, 3.00);
INSERT INTO `cautruca4` VALUES ('IT001', '2', 0.00, 0.00, 2.00, 0.00, 2.00);
INSERT INTO `cautruca4` VALUES ('IT001', '3', 5.00, 0.00, 0.00, 0.00, 5.00);
INSERT INTO `cautruca4` VALUES ('IT002', '1', 1.00, 0.00, 0.00, 1.00, 2.00);
INSERT INTO `cautruca4` VALUES ('IT002', '2', 3.00, 0.00, 0.00, 0.00, 3.00);
INSERT INTO `cautruca4` VALUES ('IT002', '3', 0.00, 0.00, 0.00, 5.00, 5.00);
INSERT INTO `cautruca4` VALUES ('IT003', '1', 3.00, 0.00, 0.00, 3.00, 6.00);
INSERT INTO `cautruca4` VALUES ('IT003', '2', 0.00, 0.00, 0.00, 2.00, 2.00);
INSERT INTO `cautruca4` VALUES ('IT003', '3', 0.00, 0.00, 0.00, 2.00, 2.00);
INSERT INTO `cautruca4` VALUES ('IT004', '1', 2.00, 0.00, 0.00, 0.00, 2.00);
INSERT INTO `cautruca4` VALUES ('IT004', '2', 0.00, 0.00, 3.00, 0.00, 3.00);
INSERT INTO `cautruca4` VALUES ('IT004', '3', 5.00, 0.00, 0.00, 0.00, 5.00);
INSERT INTO `cautruca4` VALUES ('IT005', '1', 0.00, 0.00, 0.00, 4.00, 4.00);
INSERT INTO `cautruca4` VALUES ('IT005', '2', 2.00, 0.00, 0.00, 0.00, 2.00);
INSERT INTO `cautruca4` VALUES ('IT005', '3', 2.00, 0.00, 0.00, 2.00, 4.00);
INSERT INTO `cautruca4` VALUES ('IT006', '1', 0.00, 0.00, 0.00, 3.00, 3.00);
INSERT INTO `cautruca4` VALUES ('IT006', '2', 3.00, 0.00, 0.00, 3.00, 6.00);
INSERT INTO `cautruca4` VALUES ('IT006', '3', 0.00, 0.00, 0.00, 1.00, 1.00);
INSERT INTO `cautruca4` VALUES ('IT007', '1', 2.00, 0.00, 0.00, 2.00, 4.00);
INSERT INTO `cautruca4` VALUES ('IT007', '2', 2.00, 0.00, 0.00, 2.00, 4.00);
INSERT INTO `cautruca4` VALUES ('IT007', '3', 1.00, 0.00, 0.00, 1.00, 2.00);
INSERT INTO `cautruca4` VALUES ('IT008', '1', 0.00, 3.00, 0.00, 3.00, 6.00);
INSERT INTO `cautruca4` VALUES ('IT008', '2', 0.00, 1.50, 0.00, 1.50, 3.00);
INSERT INTO `cautruca4` VALUES ('IT008', '3', 0.00, 1.00, 0.00, 0.00, 1.00);
INSERT INTO `cautruca4` VALUES ('IT009', '1', 0.00, 0.00, 0.00, 3.00, 3.00);
INSERT INTO `cautruca4` VALUES ('IT009', '2', 3.00, 0.00, 0.00, 0.00, 3.00);
INSERT INTO `cautruca4` VALUES ('IT009', '3', 4.00, 0.00, 0.00, 0.00, 4.00);
INSERT INTO `cautruca4` VALUES ('IT010', '1', 2.00, 0.00, 0.00, 2.00, 4.00);
INSERT INTO `cautruca4` VALUES ('IT010', '2', 0.00, 0.00, 0.00, 2.00, 2.00);
INSERT INTO `cautruca4` VALUES ('IT010', '3', 2.00, 0.00, 0.00, 2.00, 4.00);

-- ----------------------------
-- Table structure for giangvien
-- ----------------------------
DROP TABLE IF EXISTS `giangvien`;
CREATE TABLE `giangvien`  (
  `magv` varchar(10) CHARACTER SET utf8 COLLATE utf8_unicode_ci NOT NULL,
  `hotengv` varchar(255) CHARACTER SET utf8 COLLATE utf8_unicode_ci NULL DEFAULT NULL,
  `pass` varchar(255) CHARACTER SET utf8 COLLATE utf8_unicode_ci NULL DEFAULT NULL,
  PRIMARY KEY (`magv`) USING BTREE
) ENGINE = InnoDB CHARACTER SET = utf8 COLLATE = utf8_unicode_ci ROW_FORMAT = Dynamic;

-- ----------------------------
-- Records of giangvien
-- ----------------------------
INSERT INTO `giangvien` VALUES ('GV001', 'Nguyen Thi A', 'gv001');
INSERT INTO `giangvien` VALUES ('GV002', 'Nguyen Thi B', 'gv002');
INSERT INTO `giangvien` VALUES ('GV003', 'Nguyen Thi C', 'gv003');
INSERT INTO `giangvien` VALUES ('GV004', 'Nguyen Thi D', 'gv004');
INSERT INTO `giangvien` VALUES ('GV005', 'Nguyen Thi E', 'gv005');
INSERT INTO `giangvien` VALUES ('GV006', 'Nguyen Thi F', 'gv006');
INSERT INTO `giangvien` VALUES ('GV007', 'Nguyen Thi G', 'gv007');
INSERT INTO `giangvien` VALUES ('GV008', 'Nguyen Thi H', 'gv008');
INSERT INTO `giangvien` VALUES ('GV009', 'Nguyen Thi I', 'gv009');
INSERT INTO `giangvien` VALUES ('GV010', 'Nguyen Thi J', 'gv010');
INSERT INTO `giangvien` VALUES ('GV011', 'Nguyen Thi K', 'gv011');
INSERT INTO `giangvien` VALUES ('GV012', 'Nguyen Thi L', 'gv012');
INSERT INTO `giangvien` VALUES ('GV013', 'Nguyen Thi M', 'gv013');
INSERT INTO `giangvien` VALUES ('GV014', 'Nguyen Thi N', 'gv014');
INSERT INTO `giangvien` VALUES ('GV015', 'Nguyen Thi O', 'gv015');
INSERT INTO `giangvien` VALUES ('GV016', 'Nguyen thi P', 'gv016');

-- ----------------------------
-- Table structure for lophoc
-- ----------------------------
DROP TABLE IF EXISTS `lophoc`;
CREATE TABLE `lophoc`  (
  `malophoc` varchar(10) CHARACTER SET utf8 COLLATE utf8_unicode_ci NOT NULL,
  `tenlop` varchar(255) CHARACTER SET utf8 COLLATE utf8_unicode_ci NULL DEFAULT NULL,
  `mamon` varchar(10) CHARACTER SET utf8 COLLATE utf8_unicode_ci NULL DEFAULT NULL,
  `magv` varchar(10) CHARACTER SET utf8 COLLATE utf8_unicode_ci NULL DEFAULT NULL,
  `hocki` tinyint(255) NULL DEFAULT NULL,
  `nam` year NULL DEFAULT NULL,
  `soluongsv` int(255) NULL DEFAULT NULL,
  `trangthai` int(1) NULL DEFAULT NULL COMMENT 'Trng thi lp: ang hc=1,  kt thc=0',
  PRIMARY KEY (`malophoc`) USING BTREE,
  INDEX `fk_lophoc.giangvien`(`magv`) USING BTREE,
  INDEX `fk_lophoc.mamon`(`mamon`) USING BTREE,
  CONSTRAINT `fk_lophoc.giangvien` FOREIGN KEY (`magv`) REFERENCES `giangvien` (`magv`) ON DELETE RESTRICT ON UPDATE RESTRICT,
  CONSTRAINT `fk_lophoc.mamon` FOREIGN KEY (`mamon`) REFERENCES `monhoc` (`mamon`) ON DELETE RESTRICT ON UPDATE RESTRICT
) ENGINE = InnoDB CHARACTER SET = utf8 COLLATE = utf8_unicode_ci ROW_FORMAT = Dynamic;

-- ----------------------------
-- Records of lophoc
-- ----------------------------
INSERT INTO `lophoc` VALUES ('IE209.J01', 'Cng ngh java', 'IE209', 'GV006', 1, 2015, 15, 0);
INSERT INTO `lophoc` VALUES ('IE209.J02', 'Cng ngh java', 'IE209', 'GV012', 2, 2015, 20, 0);
INSERT INTO `lophoc` VALUES ('IE209.K01', 'Cng ngh java', 'IE209', 'GV001', 1, 2016, 25, 0);
INSERT INTO `lophoc` VALUES ('IE209.K02', 'Cng ngh java', 'IE209', 'GV003', 2, 2016, 20, 0);
INSERT INTO `lophoc` VALUES ('IE209.L01', 'Cng ngh java', 'IE209', 'GV009', 1, 2017, 20, 1);
INSERT INTO `lophoc` VALUES ('IE209.L02', 'Cng ngh java', 'IE209', 'GV014', 2, 2017, 20, 1);
INSERT INTO `lophoc` VALUES ('IT001.J01', 'Nhp mn lp trnh', 'IT001', 'GV008', 1, 2015, 15, 0);
INSERT INTO `lophoc` VALUES ('IT001.J02', 'Nhp mn lp trnh', 'IT001', 'GV005', 2, 2015, 20, 0);
INSERT INTO `lophoc` VALUES ('IT001.K01', 'Nhp mn lp trnh', 'IT001', 'GV009', 1, 2016, 20, 0);
INSERT INTO `lophoc` VALUES ('IT001.K02', 'Nhp mn lp trnh', 'IT001', 'GV010', 2, 2016, 20, 0);
INSERT INTO `lophoc` VALUES ('IT001.L01', 'Nhp mn lp trnh', 'IT001', 'GV011', 1, 2017, 20, 1);
INSERT INTO `lophoc` VALUES ('IT001.L02', 'Nhp mn lp trnh', 'IT001', 'GV016', 2, 2017, 25, 1);
INSERT INTO `lophoc` VALUES ('IT002.K01', 'Lp trnh hng i tng', 'IT002', 'GV006', 1, 2016, 20, 0);
INSERT INTO `lophoc` VALUES ('IT002.K02', 'Lp trnh hng i tng', 'IT002', 'GV006', 2, 2016, 20, 0);
INSERT INTO `lophoc` VALUES ('IT002.L01', 'Lp trnh hng i tng', 'IT002', 'GV007', 1, 2017, 20, 1);
INSERT INTO `lophoc` VALUES ('IT002.L02', 'Lp trnh hng i tng', 'IT002', 'GV014', 2, 2017, 20, 1);

-- ----------------------------
-- Table structure for lopsinhhoat
-- ----------------------------
DROP TABLE IF EXISTS `lopsinhhoat`;
CREATE TABLE `lopsinhhoat`  (
  `malopsh` varchar(10) CHARACTER SET utf8 COLLATE utf8_unicode_ci NOT NULL,
  `tenlop` varchar(255) CHARACTER SET utf8 COLLATE utf8_unicode_ci NULL DEFAULT NULL,
  `khoahoc` int(255) NULL DEFAULT NULL,
  `covan` varchar(10) CHARACTER SET utf8 COLLATE utf8_unicode_ci NULL DEFAULT NULL,
  PRIMARY KEY (`malopsh`) USING BTREE,
  INDEX `fk_lopsinhhoat.covan`(`covan`) USING BTREE,
  CONSTRAINT `fk_lopsinhhoat.covan` FOREIGN KEY (`covan`) REFERENCES `giangvien` (`magv`) ON DELETE RESTRICT ON UPDATE RESTRICT
) ENGINE = InnoDB CHARACTER SET = utf8 COLLATE = utf8_unicode_ci ROW_FORMAT = Dynamic;

-- ----------------------------
-- Records of lopsinhhoat
-- ----------------------------
INSERT INTO `lopsinhhoat` VALUES ('CNTT2015', 'Cng ngh thng tin 2015', 10, 'GV003');
INSERT INTO `lopsinhhoat` VALUES ('CNTT2016', 'Cng ngh thng tin 2016', 11, 'GV002');
INSERT INTO `lopsinhhoat` VALUES ('CNTT2017', 'Cng ngh thng tin 2017', 12, 'GV001');
INSERT INTO `lopsinhhoat` VALUES ('KHDL2015', 'Khoa hc d liu 2015', 10, 'GV006');
INSERT INTO `lopsinhhoat` VALUES ('KHDL2016', 'Khoa hc d liu 2016', 11, 'GV005');
INSERT INTO `lopsinhhoat` VALUES ('KHDL2017', 'Khoa hc d liu 2017', 12, 'GV004');

-- ----------------------------
-- Table structure for mon_li
-- ----------------------------
DROP TABLE IF EXISTS `mon_li`;
CREATE TABLE `mon_li`  (
  `mamon` varchar(10) CHARACTER SET utf8 COLLATE utf8_unicode_ci NOT NULL,
  `gi` int(255) NOT NULL,
  `li` int(255) NULL DEFAULT NULL,
  PRIMARY KEY (`mamon`, `gi`) USING BTREE,
  CONSTRAINT `fk_mon_li_monhoc` FOREIGN KEY (`mamon`) REFERENCES `monhoc` (`mamon`) ON DELETE RESTRICT ON UPDATE RESTRICT
) ENGINE = InnoDB CHARACTER SET = utf8 COLLATE = utf8_unicode_ci ROW_FORMAT = Dynamic;

-- ----------------------------
-- Records of mon_li
-- ----------------------------
INSERT INTO `mon_li` VALUES ('IE209', 1, 10);
INSERT INTO `mon_li` VALUES ('IE209', 2, 5);
INSERT INTO `mon_li` VALUES ('IE209', 3, 6);
INSERT INTO `mon_li` VALUES ('IE209', 4, 6);
INSERT INTO `mon_li` VALUES ('IT001', 1, 3);
INSERT INTO `mon_li` VALUES ('IT001', 2, 2);
INSERT INTO `mon_li` VALUES ('IT001', 3, 4);
INSERT INTO `mon_li` VALUES ('IT001', 4, 8);
INSERT INTO `mon_li` VALUES ('IT002', 1, 7);
INSERT INTO `mon_li` VALUES ('IT002', 2, 8);
INSERT INTO `mon_li` VALUES ('IT002', 3, 9);
INSERT INTO `mon_li` VALUES ('IT002', 4, 1);

-- ----------------------------
-- Table structure for monhoc
-- ----------------------------
DROP TABLE IF EXISTS `monhoc`;
CREATE TABLE `monhoc`  (
  `mamon` varchar(10) CHARACTER SET utf8 COLLATE utf8_unicode_ci NOT NULL,
  `tenmon` varchar(255) CHARACTER SET utf8 COLLATE utf8_unicode_ci NULL DEFAULT NULL,
  `loaimon` varchar(10) CHARACTER SET utf8 COLLATE utf8_unicode_ci NULL DEFAULT NULL,
  `g1` varchar(255) CHARACTER SET utf8 COLLATE utf8_unicode_ci NULL DEFAULT NULL,
  `g2` varchar(255) CHARACTER SET utf8 COLLATE utf8_unicode_ci NULL DEFAULT NULL,
  `g3` varchar(255) CHARACTER SET utf8 COLLATE utf8_unicode_ci NULL DEFAULT NULL,
  `g4` varchar(255) CHARACTER SET utf8 COLLATE utf8_unicode_ci NULL DEFAULT NULL,
  PRIMARY KEY (`mamon`) USING BTREE
) ENGINE = InnoDB CHARACTER SET = utf8 COLLATE = utf8_unicode_ci ROW_FORMAT = Dynamic;

-- ----------------------------
-- Records of monhoc
-- ----------------------------
INSERT INTO `monhoc` VALUES ('IE102', 'Cc cng ngh nn', 'CSN', 'y l G1, vit thm mt cht cho n di l nh th ny', 'Day la g2, mn cng ngh nn nh', 'Day la g3, mn cng ngh nn ny', 'Day la g4');
INSERT INTO `monhoc` VALUES ('IE103', 'Qun l thng tin', 'CSN', 'Day la g1', 'Day la g2, Mn ny mn qun l thng tin', 'Day la g3', 'Day la g4');
INSERT INTO `monhoc` VALUES ('IE104', 'Internet v cng ngh web', 'CSN', 'Day la g1', 'Day la g2', 'Day la g3', 'Day la g4, mn internet v cng ngh web ny');
INSERT INTO `monhoc` VALUES ('IE106', 'Thit k giao din ngi dng', 'CSN', 'Day la g1, Thit k giao din ie106', 'Day la g2', 'Day la g3', 'Day la g4');
INSERT INTO `monhoc` VALUES ('IE107', 'Thit k giao din ngi dng', 'CSN', 'Day la g1', 'Day la g2, vit thm cho c ny', 'Day la g3', 'Day la g4, mon ie107');
INSERT INTO `monhoc` VALUES ('IE201', 'X l d liu thng k', 'CN', 'Day la g1', 'Day la g2, x l d liu', 'Day la g3', 'Day la g4');
INSERT INTO `monhoc` VALUES ('IE202', 'Qun tr doanh nghip', 'CN', 'Day la g1, mn qun tr doanh nghip', 'Day la g2', 'Day la g3', 'Day la g4');
INSERT INTO `monhoc` VALUES ('IE203', 'H thng qun tr quy trnh nghip v', 'CDTN', 'Day la g1', 'Day la g2', 'Day la g3', 'Day la g4, h thng quan rl quy trnh g g ');
INSERT INTO `monhoc` VALUES ('IE204', 'Ti u ha cng c tm kim', 'CDTN', 'Day la g1', 'Day la g2, ti u ha cng cn tm kim ny', 'Day la g3', 'Day la g4');
INSERT INTO `monhoc` VALUES ('IE205', 'X l nh v tinh', 'CN', 'Day la g1, mn x l nh v tinh nh', 'Day la g2', 'Day la g3', 'Day la g4');
INSERT INTO `monhoc` VALUES ('IE206', ' n chun b tt nghip', 'DA', 'Day la g1', 'Day la g2', 'Day la g3, mn ny l  n tt nghip', 'Day la g4');
INSERT INTO `monhoc` VALUES ('IE208', 'Kin trc v tch hp h thng', 'CNTC', 'Day la g1, thm mt cht cho c, mn kin trc g g  nh', 'Day la g2', 'Day la g3', 'Day la g4');
INSERT INTO `monhoc` VALUES ('IE209', 'Cng ngh java', 'CNTC', 'Day la g1, g1 g1 nhc li g1', 'Day la g2, cng ngh java', 'Day la g3, mn cng ngh java', 'Day la g4, cng ngh java');
INSERT INTO `monhoc` VALUES ('IE210', 'H thng nh v ton cu', 'CNTC', 'Day la g1, mn ny l inh v ton cu', 'Day la g2', 'Day la g3', 'Day la g4');
INSERT INTO `monhoc` VALUES ('IT001', 'Nhp mn lp trnh', 'DC', 'Day la g1', 'Day la g2', 'Day la g3, nhp mn lp trnh it001', 'Day la g4');
INSERT INTO `monhoc` VALUES ('IT002', 'Lp trnh hng i tng', 'CSNN', 'Day la g1', 'Day la g2, hng i tng', 'Day la g3', 'Day la g4');
INSERT INTO `monhoc` VALUES ('IT003', 'Cu trc d liu v gii thut', 'CSNN', 'Day la g1', 'Day la g2', 'Day la g3', 'Day la g4, mn gii thut');
INSERT INTO `monhoc` VALUES ('IT004', 'C s d liu', 'CSNN', 'Day la g1', 'Day la g2, c s d liu', 'Day la g3', 'Day la g4');
INSERT INTO `monhoc` VALUES ('IT005', 'Nhp mn mng my tnh', 'CSNN', 'Day la g1', 'Day la g2, nhp mn mng', 'Day la g3', 'Day la g4');
INSERT INTO `monhoc` VALUES ('IT006', 'Kin trc my tnh', 'CSNN', 'Day la g1, kin trc my tnh', 'Day la g2', 'Day la g3', 'Day la g4');
INSERT INTO `monhoc` VALUES ('IT007', 'H iu hnh', 'CSNN', 'Day la g1', 'Day la g2', 'Day la g3, mn h iu hnh', 'Day la g4');
INSERT INTO `monhoc` VALUES ('IT008', 'Lp trnh trc quan', 'CN', 'Day la g1, lp trnh trc quan', 'Day la g2', 'Day la g3', 'Day la g4');
INSERT INTO `monhoc` VALUES ('IT009', 'Gii thiu ngnh', 'CSNN', 'Day la g1', 'Day la g2, gii thiu ngnh', 'Day la g3', 'Day la g4');
INSERT INTO `monhoc` VALUES ('IT010', 'T chc v cu trc my tnh', 'CSN', 'Day la g1', 'Day la g2', 'Day la g3', 'Day la g4, t chc v cu to my tnh');

-- ----------------------------
-- Table structure for nganh
-- ----------------------------
DROP TABLE IF EXISTS `nganh`;
CREATE TABLE `nganh`  (
  `manganh` varchar(10) CHARACTER SET utf8 COLLATE utf8_unicode_ci NOT NULL,
  `tennganh` varchar(255) CHARACTER SET utf8 COLLATE utf8_unicode_ci NULL DEFAULT NULL,
  `lo1` varchar(255) CHARACTER SET utf8 COLLATE utf8_unicode_ci NULL DEFAULT NULL,
  `lo2` varchar(255) CHARACTER SET utf8 COLLATE utf8_unicode_ci NULL DEFAULT NULL,
  `lo3` varchar(255) CHARACTER SET utf8 COLLATE utf8_unicode_ci NULL DEFAULT NULL,
  `lo4` varchar(255) CHARACTER SET utf8 COLLATE utf8_unicode_ci NULL DEFAULT NULL,
  `lo5` varchar(255) CHARACTER SET utf8 COLLATE utf8_unicode_ci NULL DEFAULT NULL,
  `lo6` varchar(255) CHARACTER SET utf8 COLLATE utf8_unicode_ci NULL DEFAULT NULL,
  `lo7` varchar(255) CHARACTER SET utf8 COLLATE utf8_unicode_ci NULL DEFAULT NULL,
  `lo8` varchar(255) CHARACTER SET utf8 COLLATE utf8_unicode_ci NULL DEFAULT NULL,
  `lo9` varchar(255) CHARACTER SET utf8 COLLATE utf8_unicode_ci NULL DEFAULT NULL,
  `lo10` varchar(255) CHARACTER SET utf8 COLLATE utf8_unicode_ci NULL DEFAULT NULL,
  PRIMARY KEY (`manganh`) USING BTREE
) ENGINE = InnoDB CHARACTER SET = utf8 COLLATE = utf8_unicode_ci ROW_FORMAT = Dynamic;

-- ----------------------------
-- Records of nganh
-- ----------------------------
INSERT INTO `nganh` VALUES ('CNTT', 'Cng Ngh Thng Tin', 'Nm vng kin thc khoa hc c bn v c kh nng vn dng vo chuyn ngnh CNTT.', 'Nm vng kin thc v cng ngh thng tin', 'C kin thc v d liu, thng tin, v tri thc', 'C kin thc v kh nng lp trnh v pht trin phn mm.', ' C kin thc v phn tch, tch hp, v p dng cho chuyn mn.', 'Nm vng cc kin thc, cng c ph hp  qun l v ng dng cng ngh thng tin vo lnh vc thc t.', 'C kin thc v qun l ngun ti nguyn, cc hot ng ca c quan / t chc, cc gii php s dng cng ngh thng tin  nng cao kh nng lnh o, qun l ca c quan / t chc.', 'C trnh  Anh vn t t VNU-ETP 8, TOEFL iBT t 45 im, TOEIC t 450 im, hoc tng ng.', 'K nng qun l  n cng ngh thng tin v nhm  n.', 'K nng trnh by cng vic v cng ngh thng tin ang lm, phn bin da trn thc nghim, k nng sng to, k nng gii quyt vn .');
INSERT INTO `nganh` VALUES ('KHDL', 'Khoa Hc D Liu', 'C kin thc nn tng v khoa hc t nhin v khoa hc x hi', 'C kin thc nn tng v nng cao ca ngnh Khoa hc d liu (ngn ng lp trnh thng k, cc cng c phn tch d liu', 'C kh nng lp lun, phn tch, d bo, thng k cao cp v gii quyt vn  lin quan n ngnh Khoa hc d liu', 'C k nng nghin cu khoa hc v khm ph tri thc (kho st tai liu, phn tch, nh gi', 'C t duy h thng, c kh nng thit k cc thnh phn hoc ton b h thng thu thp v phn tch d liu', 'Hiu bit v cc gi tr o c, c k nng c nhn v ngh nghip, nng lc hc tp sut i', 'C k nng lm vic nhm vi tc phong chuyn nghip', 'C k nng giao tip', 'C k nng ngoi ng', 'C kh nng hnh thnh  tng, phn tch, thit k, p dng cc cng c thng k v trin khai cc ng dng Khoa hc d liu vo thc tin');

-- ----------------------------
-- Table structure for sinhvien
-- ----------------------------
DROP TABLE IF EXISTS `sinhvien`;
CREATE TABLE `sinhvien`  (
  `mssv` varchar(10) CHARACTER SET utf8 COLLATE utf8_unicode_ci NOT NULL,
  `hotensv` varchar(255) CHARACTER SET utf8 COLLATE utf8_unicode_ci NULL DEFAULT NULL,
  `gioitinh` tinyint(1) NULL DEFAULT NULL COMMENT '1 nam ,0 n',
  `ngaysinh` date NULL DEFAULT NULL,
  `pass` varchar(255) CHARACTER SET utf8 COLLATE utf8_unicode_ci NULL DEFAULT NULL,
  `nganh` varchar(10) CHARACTER SET utf8 COLLATE utf8_unicode_ci NULL DEFAULT NULL,
  `malopsh` varchar(10) CHARACTER SET utf8 COLLATE utf8_unicode_ci NULL DEFAULT NULL,
  `totnghiep` int(1) NULL DEFAULT NULL COMMENT ' tt nghip=1, cha =0',
  PRIMARY KEY (`mssv`) USING BTREE,
  INDEX `fk_sinhvien.lopsinhhoat`(`malopsh`) USING BTREE,
  INDEX `fk_sinhvien.nganh`(`nganh`) USING BTREE,
  CONSTRAINT `fk_sinhvien.lopsinhhoat` FOREIGN KEY (`malopsh`) REFERENCES `lopsinhhoat` (`malopsh`) ON DELETE RESTRICT ON UPDATE RESTRICT,
  CONSTRAINT `fk_sinhvien.nganh` FOREIGN KEY (`nganh`) REFERENCES `nganh` (`manganh`) ON DELETE RESTRICT ON UPDATE RESTRICT
) ENGINE = InnoDB CHARACTER SET = utf8 COLLATE = utf8_unicode_ci ROW_FORMAT = Dynamic;

-- ----------------------------
-- Records of sinhvien
-- ----------------------------
INSERT INTO `sinhvien` VALUES ('17521110', 'Nguyen Quoc Thuan', 1, '1999-06-03', '17521110', 'CNTT', 'CNTT2017', 0);
INSERT INTO `sinhvien` VALUES ('20150001', 'Nguyen Van C', 1, '1997-02-01', '20150001', 'CNTT', 'CNTT2015', 1);
INSERT INTO `sinhvien` VALUES ('20150002', 'Nguyen Van F', 1, '1997-02-02', '20150002', 'KHDL', 'KHDL2015', 1);
INSERT INTO `sinhvien` VALUES ('20150003', 'Nguyen Thi Hoa', 0, '1997-02-03', '20150003', 'KHDL', 'KHDL2015', 1);
INSERT INTO `sinhvien` VALUES ('20150004', 'Dinh Hoang Phuong', 0, '1997-02-04', '20150004', 'KHDL', 'KHDL2015', 1);
INSERT INTO `sinhvien` VALUES ('20150005', 'Vo Van Viet', 1, '1997-02-05', '20150005', 'KHDL', 'KHDL2015', 1);
INSERT INTO `sinhvien` VALUES ('20150006', 'Le Hong Phuc', 1, '1997-02-06', '20150006', 'KHDL', 'KHDL2015', 1);
INSERT INTO `sinhvien` VALUES ('20150007', 'Vo Van Nam', 1, '1997-02-07', '20150007', 'KHDL', 'KHDL2015', 1);
INSERT INTO `sinhvien` VALUES ('20150008', 'Le Khai Hoang', 1, '1997-02-08', '20150008', 'KHDL', 'KHDL2015', 1);
INSERT INTO `sinhvien` VALUES ('20150009', 'Tran Thi Lan', 0, '1997-02-09', '20150009', 'CNTT', 'CNTT2015', 1);
INSERT INTO `sinhvien` VALUES ('20150010', 'Do Viet Hung', 1, '1997-02-10', '20150010', 'CNTT', 'CNTT2015', 1);
INSERT INTO `sinhvien` VALUES ('20150011', 'Hoang Thi Ngoc Anh', 0, '1997-02-11', '20150011', 'CNTT', 'CNTT2015', 1);
INSERT INTO `sinhvien` VALUES ('20150012', 'Le Thi Hong ', 0, '1997-02-12', '20150012', 'CNTT', 'CNTT2015', 1);
INSERT INTO `sinhvien` VALUES ('20150013', 'Nguyen Quoc Tuan', 1, '1997-02-13', '20150013', 'CNTT', 'CNTT2015', 1);
INSERT INTO `sinhvien` VALUES ('20150014', 'Tran Quoc Huy', 1, '1997-02-14', '20150014', 'CNTT', 'CNTT2015', 1);
INSERT INTO `sinhvien` VALUES ('20150015', 'Pham Thanh Duong', 1, '1997-02-15', '20150015', 'CNTT', 'CNTT2015', 1);
INSERT INTO `sinhvien` VALUES ('20150016', 'Nguyen Thi Lan', 0, '1997-02-16', '20150016', 'CNTT', 'CNTT2015', 1);
INSERT INTO `sinhvien` VALUES ('20150017', 'Ho Thi Thanh Ha', 0, '1997-02-17', '20150017', 'CNTT', 'CNTT2015', 1);
INSERT INTO `sinhvien` VALUES ('20150018', 'Tran Thi Thu Thanh', 0, '1997-02-18', '20150018', 'CNTT', 'CNTT2015', 1);
INSERT INTO `sinhvien` VALUES ('20150019', 'Nguyen Hoang Nhat', 1, '1997-02-19', '20150019', 'CNTT', 'CNTT2015', 1);
INSERT INTO `sinhvien` VALUES ('20150020', 'Nham Khai Hoang', 1, '1997-02-20', '20150020', 'CNTT', 'CNTT2015', 1);
INSERT INTO `sinhvien` VALUES ('20150021', 'Nguyen Huu Nghi', 1, '1997-02-21', '20150021', 'KHDL', 'KHDL2015', 1);
INSERT INTO `sinhvien` VALUES ('20150022', 'Pham Dinh Tung', 1, '1997-02-22', '20150022', 'KHDL', 'KHDL2015', 1);
INSERT INTO `sinhvien` VALUES ('20150023', 'Tran Thi Phuong', 0, '1997-02-23', '20150023', 'KHDL', 'KHDL2015', 1);
INSERT INTO `sinhvien` VALUES ('20150024', 'Nguyen Thi Ngoc', 0, '1997-02-24', '20150024', 'KHDL', 'KHDL2015', 1);
INSERT INTO `sinhvien` VALUES ('20150025', 'Luong Thi Hoa', 0, '1997-02-25', '20150025', 'KHDL', 'KHDL2015', 0);
INSERT INTO `sinhvien` VALUES ('20150026', 'Nguyen Dinh Hien', 1, '1997-02-26', '20150026', 'KHDL', 'KHDL2015', 0);
INSERT INTO `sinhvien` VALUES ('20150027', 'Ho Ngoc Ha', 0, '1997-02-27', '20150027', 'KHDL', 'KHDL2015', 0);
INSERT INTO `sinhvien` VALUES ('20150028', 'Duong Dang Khoi', 1, '1997-02-28', '20150028', 'KHDL', 'KHDL2015', 0);
INSERT INTO `sinhvien` VALUES ('20150029', 'Ho Di Vi', 0, '1997-03-01', '20150029', 'KHDL', 'KHDL2015', 0);
INSERT INTO `sinhvien` VALUES ('20150030', 'Day La Ten', 1, '1997-03-02', '20150030', 'KHDL', 'KHDL2015', 0);
INSERT INTO `sinhvien` VALUES ('20150031', 'Tran Van Tien', 1, '1997-03-03', '20150031', 'KHDL', 'KHDL2015', 1);
INSERT INTO `sinhvien` VALUES ('20150032', 'Nam Cao', 1, '1997-03-04', '20150032', 'KHDL', 'KHDL2015', 1);
INSERT INTO `sinhvien` VALUES ('20150033', 'Ngo Tat To', 1, '1997-03-05', '20150033', 'CNTT', 'CNTT2015', 1);
INSERT INTO `sinhvien` VALUES ('20150034', 'Ho Xuan Huong', 0, '1997-03-06', '20150034', 'CNTT', 'CNTT2015', 1);
INSERT INTO `sinhvien` VALUES ('20150035', 'Nguyen Tuan', 1, '1997-03-07', '20150035', 'CNTT', 'CNTT2015', 1);
INSERT INTO `sinhvien` VALUES ('20150036', 'Hai Thuong Lan Ong', 1, '1997-03-08', '20150036', 'CNTT', 'CNTT2015', 1);
INSERT INTO `sinhvien` VALUES ('20150037', 'Kim Chi Cu Cai', 0, '1997-03-09', '20150037', 'CNTT', 'CNTT2015', 1);
INSERT INTO `sinhvien` VALUES ('20150038', 'Phan Kim Lien', 0, '1997-03-10', '20150038', 'CNTT', 'CNTT2015', 1);
INSERT INTO `sinhvien` VALUES ('20150039', 'Ho Quy Ly', 0, '1997-03-11', '20150039', 'CNTT', 'CNTT2015', 1);
INSERT INTO `sinhvien` VALUES ('20150040', 'Dinh Hai Tac', 1, '1997-03-12', '20150040', 'CNTT', 'CNTT2015', 1);
INSERT INTO `sinhvien` VALUES ('20160001', 'Nguyen Van B', 1, '1998-03-01', '20160001', 'CNTT', 'CNTT2016', 0);
INSERT INTO `sinhvien` VALUES ('20160002', 'Nguyen Van E', 1, '1998-03-02', '20160002', 'KHDL', 'KHDL2016', 0);
INSERT INTO `sinhvien` VALUES ('20160003', 'Be Van Dan', 1, '1998-03-03', '20160003', 'KHDL', 'KHDL2016', 0);
INSERT INTO `sinhvien` VALUES ('20160004', 'Phan Thuy Duong', 0, '1998-03-04', '20160004', 'KHDL', 'KHDL2016', 0);
INSERT INTO `sinhvien` VALUES ('20160005', 'Le Cam Tu', 0, '1998-03-05', '20160005', 'KHDL', 'KHDL2016', 0);
INSERT INTO `sinhvien` VALUES ('20160006', 'Nguyen Thuc Trinh', 0, '1998-03-06', '20160006', 'KHDL', 'KHDL2016', 0);
INSERT INTO `sinhvien` VALUES ('20160007', 'Le Hong Thuy', 0, '1998-03-07', '20160007', 'KHDL', 'KHDL2016', 0);
INSERT INTO `sinhvien` VALUES ('20160008', 'Nguyen Van Nam', 1, '1998-03-08', '20160008', 'KHDL', 'KHDL2016', 0);
INSERT INTO `sinhvien` VALUES ('20160009', 'Luong Xuan Truong', 1, '1998-03-09', '20160009', 'KHDL', 'KHDL2016', 0);
INSERT INTO `sinhvien` VALUES ('20160010', 'Phan Dinh Viet', 1, '1998-03-10', '20160010', 'KHDL', 'KHDL2016', 0);
INSERT INTO `sinhvien` VALUES ('20160011', 'Le Quy Don', 1, '1998-03-11', '20160011', 'KHDL', 'KHDL2016', 0);
INSERT INTO `sinhvien` VALUES ('20160012', 'Hoang Xuan Nam', 1, '1998-03-12', '20160012', 'KHDL', 'KHDL2016', 0);
INSERT INTO `sinhvien` VALUES ('20160013', 'Le Hai Duong', 1, '1998-03-13', '20160013', 'KHDL', 'KHDL2016', 0);
INSERT INTO `sinhvien` VALUES ('20160014', 'Nguyen Thi Ngoc', 0, '1998-03-14', '20160014', 'CNTT', 'CNTT2016', 0);
INSERT INTO `sinhvien` VALUES ('20160015', 'Nguyen Thi Linh', 0, '1998-03-15', '20160015', 'CNTT', 'CNTT2016', 0);
INSERT INTO `sinhvien` VALUES ('20160016', 'Ho Hai Nam', 1, '1998-03-16', '20160016', 'CNTT', 'CNTT2016', 0);
INSERT INTO `sinhvien` VALUES ('20160017', 'Nguyen Anh Tuyet', 0, '1998-03-17', '20160017', 'CNTT', 'CNTT2016', 0);
INSERT INTO `sinhvien` VALUES ('20160018', 'Tran Tuan Hai', 1, '1998-03-18', '20160018', 'CNTT', 'CNTT2016', 0);
INSERT INTO `sinhvien` VALUES ('20160019', 'Ho Huu Minh', 1, '1998-03-19', '20160019', 'CNTT', 'CNTT2016', 0);
INSERT INTO `sinhvien` VALUES ('20160020', 'Le Cong Hung', 1, '1998-03-20', '20160020', 'CNTT', 'CNTT2016', 0);
INSERT INTO `sinhvien` VALUES ('20160021', 'Dong Xuan Cuong', 1, '1998-03-21', '20160021', 'CNTT', 'CNTT2016', 0);
INSERT INTO `sinhvien` VALUES ('20160022', 'Tran Trong Quang', 1, '1998-03-22', '20160022', 'CNTT', 'CNTT2016', 0);
INSERT INTO `sinhvien` VALUES ('20160023', 'Dao Tang Triet', 1, '1998-03-23', '20160023', 'CNTT', 'CNTT2016', 0);
INSERT INTO `sinhvien` VALUES ('20160024', 'Nguyen Van Dat', 1, '1998-03-24', '20160024', 'CNTT', 'CNTT2016', 0);
INSERT INTO `sinhvien` VALUES ('20160025', 'Le Cong Minh', 1, '1998-03-25', '20160025', 'CNTT', 'CNTT2016', 0);
INSERT INTO `sinhvien` VALUES ('20160026', 'Nguyen Dinh Hien', 1, '1998-03-26', '20160026', 'CNTT', 'CNTT2016', 0);
INSERT INTO `sinhvien` VALUES ('20160027', 'Ho Ngoc Ha', 0, '1998-03-27', '20160027', 'CNTT', 'CNTT2016', 0);
INSERT INTO `sinhvien` VALUES ('20160028', 'Duong Dang Khoi', 1, '1998-03-28', '20160028', 'CNTT', 'CNTT2016', 0);
INSERT INTO `sinhvien` VALUES ('20160029', 'Ho Di Vi', 0, '1998-03-29', '20160029', 'CNTT', 'CNTT2016', 0);
INSERT INTO `sinhvien` VALUES ('20160030', 'Day La Ten', 1, '1998-03-30', '20160030', 'CNTT', 'CNTT2016', 0);
INSERT INTO `sinhvien` VALUES ('20160031', 'Tran Van Tien', 1, '1998-03-31', '20160031', 'CNTT', 'CNTT2016', 0);
INSERT INTO `sinhvien` VALUES ('20160032', 'Nam Cao', 1, '1998-04-01', '20160032', 'CNTT', 'CNTT2016', 0);
INSERT INTO `sinhvien` VALUES ('20160033', 'Ngo Tat To', 1, '1998-04-02', '20160033', 'CNTT', 'CNTT2016', 0);
INSERT INTO `sinhvien` VALUES ('20160034', 'Ho Xuan Huong', 0, '1998-04-03', '20160034', 'KHDL', 'KHDL2016', 0);
INSERT INTO `sinhvien` VALUES ('20160035', 'Nguyen Tuan', 1, '1998-04-04', '20160035', 'KHDL', 'KHDL2016', 0);
INSERT INTO `sinhvien` VALUES ('20160036', 'Hai Thuong Lan Ong', 1, '1998-04-05', '20160036', 'KHDL', 'KHDL2016', 0);
INSERT INTO `sinhvien` VALUES ('20160037', 'Kim Chi Cu Cai', 0, '1998-04-06', '20160037', 'KHDL', 'KHDL2016', 0);
INSERT INTO `sinhvien` VALUES ('20160038', 'Phan Kim Lien', 0, '1998-04-07', '20160038', 'KHDL', 'KHDL2016', 0);
INSERT INTO `sinhvien` VALUES ('20160039', 'Ho Quy Ly', 0, '1998-04-08', '20160039', 'KHDL', 'KHDL2016', 0);
INSERT INTO `sinhvien` VALUES ('20160040', 'Dinh Hai Tac', 1, '1998-04-09', '20160040', 'KHDL', 'KHDL2016', 0);
INSERT INTO `sinhvien` VALUES ('20170001', 'Nguyen Van A', 1, '1999-04-01', '20170001', 'CNTT', 'CNTT2017', 0);
INSERT INTO `sinhvien` VALUES ('20170002', 'Nguyen Van D', 1, '1999-04-02', '20170002', 'KHDL', 'KHDL2017', 0);
INSERT INTO `sinhvien` VALUES ('20170003', 'Hoang Xuan Nam', 1, '1999-04-03', '20170003', 'KHDL', 'KHDL2017', 0);
INSERT INTO `sinhvien` VALUES ('20170004', 'Le Hai Duong', 1, '1999-04-04', '20170004', 'KHDL', 'KHDL2017', 0);
INSERT INTO `sinhvien` VALUES ('20170005', 'Nguyen Thi Ngoc', 0, '1999-04-05', '20170005', 'KHDL', 'KHDL2017', 0);
INSERT INTO `sinhvien` VALUES ('20170006', 'Nguyen Thi Linh', 0, '1999-04-06', '20170006', 'KHDL', 'KHDL2017', 0);
INSERT INTO `sinhvien` VALUES ('20170007', 'Ho Hai Nam', 1, '1999-04-07', '20170007', 'KHDL', 'KHDL2017', 0);
INSERT INTO `sinhvien` VALUES ('20170008', 'Nguyen Anh Tuyet', 0, '1999-04-08', '20170008', 'KHDL', 'KHDL2017', 0);
INSERT INTO `sinhvien` VALUES ('20170009', 'Tran Tuan Hai', 1, '1999-04-09', '20170009', 'KHDL', 'KHDL2017', 0);
INSERT INTO `sinhvien` VALUES ('20170010', 'Ho Huu Minh', 1, '1999-04-10', '20170010', 'KHDL', 'KHDL2017', 0);
INSERT INTO `sinhvien` VALUES ('20170011', 'Le Cong Hung', 1, '1999-04-11', '20170011', 'KHDL', 'KHDL2017', 0);
INSERT INTO `sinhvien` VALUES ('20170012', 'Dong Xuan Cuong', 1, '1999-04-12', '20170012', 'KHDL', 'KHDL2017', 0);
INSERT INTO `sinhvien` VALUES ('20170013', 'Tran Trong Quang', 1, '1999-04-13', '20170013', 'CNTT', 'CNTT2017', 0);
INSERT INTO `sinhvien` VALUES ('20170014', 'Dao Tang Triet', 1, '1999-04-14', '20170014', 'CNTT', 'CNTT2017', 0);
INSERT INTO `sinhvien` VALUES ('20170015', 'Nguyen Van Dat', 1, '1999-04-15', '20170015', 'CNTT', 'CNTT2017', 0);
INSERT INTO `sinhvien` VALUES ('20170016', 'Le Cong Minh', 1, '1999-04-16', '20170016', 'CNTT', 'CNTT2017', 0);
INSERT INTO `sinhvien` VALUES ('20170017', 'Nguyen Thi Hoa', 0, '1999-04-17', '20170017', 'CNTT', 'CNTT2017', 0);
INSERT INTO `sinhvien` VALUES ('20170018', 'Dinh Hoang Phuong', 0, '1999-04-18', '20170018', 'CNTT', 'CNTT2017', 0);
INSERT INTO `sinhvien` VALUES ('20170019', 'Vo Van Viet', 1, '1999-04-19', '20170019', 'CNTT', 'CNTT2017', 0);
INSERT INTO `sinhvien` VALUES ('20170020', 'Le Hong Phuc', 1, '1999-04-20', '20170020', 'CNTT', 'CNTT2017', 0);
INSERT INTO `sinhvien` VALUES ('20170021', 'Vo Van Nam', 1, '1999-04-21', '20170021', 'CNTT', 'CNTT2017', 0);
INSERT INTO `sinhvien` VALUES ('20170022', 'Le Khai Hoang', 1, '1999-04-22', '20170022', 'CNTT', 'CNTT2017', 0);
INSERT INTO `sinhvien` VALUES ('20170023', 'Tran Thi Lan', 0, '1999-04-23', '20170023', 'CNTT', 'CNTT2017', 0);
INSERT INTO `sinhvien` VALUES ('20170024', 'Do Viet Hung', 1, '1999-04-24', '20170024', 'CNTT', 'CNTT2017', 0);
INSERT INTO `sinhvien` VALUES ('20170025', 'Hoang Thi Ngoc Anh', 0, '1999-04-25', '20170025', 'CNTT', 'CNTT2017', 0);
INSERT INTO `sinhvien` VALUES ('20170026', 'Nguyen Dinh Hien', 1, '1999-04-26', '20170026', 'CNTT', 'CNTT2017', 0);
INSERT INTO `sinhvien` VALUES ('20170027', 'Ho Ngoc Ha', 0, '1999-04-27', '20170027', 'CNTT', 'CNTT2017', 0);
INSERT INTO `sinhvien` VALUES ('20170028', 'Duong Dang Khoi', 1, '1999-04-28', '20170028', 'CNTT', 'CNTT2017', 0);
INSERT INTO `sinhvien` VALUES ('20170029', 'Ho Di Vi', 0, '1999-04-29', '20170029', 'CNTT', 'CNTT2017', 0);
INSERT INTO `sinhvien` VALUES ('20170030', 'Day La Ten', 1, '1999-04-30', '20170030', 'CNTT', 'CNTT2017', 0);
INSERT INTO `sinhvien` VALUES ('20170031', 'Tran Van Tien', 1, '1999-05-01', '20170031', 'CNTT', 'CNTT2017', 0);
INSERT INTO `sinhvien` VALUES ('20170032', 'Nam Cao', 1, '1999-05-02', '20170032', 'CNTT', 'CNTT2017', 0);
INSERT INTO `sinhvien` VALUES ('20170033', 'Ngo Tat To', 1, '1999-05-03', '20170033', 'CNTT', 'CNTT2017', 0);
INSERT INTO `sinhvien` VALUES ('20170034', 'Ho Xuan Huong', 0, '1999-05-04', '20170034', 'KHDL', 'KHDL2017', 0);
INSERT INTO `sinhvien` VALUES ('20170035', 'Nguyen Tuan', 1, '1999-05-05', '20170035', 'KHDL', 'KHDL2017', 0);
INSERT INTO `sinhvien` VALUES ('20170036', 'Hai Thuong Lan Ong', 1, '1999-05-06', '20170036', 'KHDL', 'KHDL2017', 0);
INSERT INTO `sinhvien` VALUES ('20170037', 'Kim Chi Cu Cai', 0, '1999-05-07', '20170037', 'KHDL', 'KHDL2017', 0);
INSERT INTO `sinhvien` VALUES ('20170038', 'Phan Kim Lien', 0, '1999-05-08', '20170038', 'KHDL', 'KHDL2017', 0);
INSERT INTO `sinhvien` VALUES ('20170039', 'Ho Quy Ly', 0, '1999-05-09', '20170039', 'KHDL', 'KHDL2017', 0);
INSERT INTO `sinhvien` VALUES ('20170040', 'Dinh Hai Tac', 1, '1999-05-10', '20170040', 'KHDL', 'KHDL2017', 0);

-- ----------------------------
-- Table structure for sv_lophoc
-- ----------------------------
DROP TABLE IF EXISTS `sv_lophoc`;
CREATE TABLE `sv_lophoc`  (
  `mssv` varchar(10) CHARACTER SET utf8 COLLATE utf8_unicode_ci NOT NULL,
  `malophoc` varchar(10) CHARACTER SET utf8 COLLATE utf8_unicode_ci NOT NULL,
  PRIMARY KEY (`mssv`, `malophoc`) USING BTREE,
  INDEX `fk2`(`malophoc`) USING BTREE,
  CONSTRAINT `fk1` FOREIGN KEY (`mssv`) REFERENCES `sinhvien` (`mssv`) ON DELETE RESTRICT ON UPDATE RESTRICT,
  CONSTRAINT `fk2` FOREIGN KEY (`malophoc`) REFERENCES `lophoc` (`malophoc`) ON DELETE RESTRICT ON UPDATE RESTRICT
) ENGINE = InnoDB CHARACTER SET = utf8 COLLATE = utf8_unicode_ci ROW_FORMAT = Dynamic;

-- ----------------------------
-- Records of sv_lophoc
-- ----------------------------
INSERT INTO `sv_lophoc` VALUES ('20150001', 'IE209.J01');
INSERT INTO `sv_lophoc` VALUES ('20150002', 'IE209.J01');
INSERT INTO `sv_lophoc` VALUES ('20150003', 'IE209.J01');
INSERT INTO `sv_lophoc` VALUES ('20150004', 'IE209.J01');
INSERT INTO `sv_lophoc` VALUES ('20150009', 'IE209.J01');
INSERT INTO `sv_lophoc` VALUES ('20150010', 'IE209.J01');
INSERT INTO `sv_lophoc` VALUES ('20150011', 'IE209.J01');
INSERT INTO `sv_lophoc` VALUES ('20150012', 'IE209.J01');
INSERT INTO `sv_lophoc` VALUES ('20150013', 'IE209.J01');
INSERT INTO `sv_lophoc` VALUES ('20150014', 'IE209.J01');
INSERT INTO `sv_lophoc` VALUES ('20150015', 'IE209.J01');
INSERT INTO `sv_lophoc` VALUES ('20150016', 'IE209.J01');
INSERT INTO `sv_lophoc` VALUES ('20150017', 'IE209.J01');
INSERT INTO `sv_lophoc` VALUES ('20150018', 'IE209.J01');
INSERT INTO `sv_lophoc` VALUES ('20150019', 'IE209.J01');
INSERT INTO `sv_lophoc` VALUES ('20150020', 'IE209.J01');
INSERT INTO `sv_lophoc` VALUES ('20150021', 'IE209.J02');
INSERT INTO `sv_lophoc` VALUES ('20150022', 'IE209.J02');
INSERT INTO `sv_lophoc` VALUES ('20150023', 'IE209.J02');
INSERT INTO `sv_lophoc` VALUES ('20150024', 'IE209.J02');
INSERT INTO `sv_lophoc` VALUES ('20150025', 'IE209.J02');
INSERT INTO `sv_lophoc` VALUES ('20150026', 'IE209.J02');
INSERT INTO `sv_lophoc` VALUES ('20150027', 'IE209.J02');
INSERT INTO `sv_lophoc` VALUES ('20150028', 'IE209.J02');
INSERT INTO `sv_lophoc` VALUES ('20150029', 'IE209.J02');
INSERT INTO `sv_lophoc` VALUES ('20150030', 'IE209.J02');
INSERT INTO `sv_lophoc` VALUES ('20150031', 'IE209.J02');
INSERT INTO `sv_lophoc` VALUES ('20150032', 'IE209.J02');
INSERT INTO `sv_lophoc` VALUES ('20150033', 'IE209.J02');
INSERT INTO `sv_lophoc` VALUES ('20150034', 'IE209.J02');
INSERT INTO `sv_lophoc` VALUES ('20150035', 'IE209.J02');
INSERT INTO `sv_lophoc` VALUES ('20150036', 'IE209.J02');
INSERT INTO `sv_lophoc` VALUES ('20150037', 'IE209.J02');
INSERT INTO `sv_lophoc` VALUES ('20150038', 'IE209.J02');
INSERT INTO `sv_lophoc` VALUES ('20150039', 'IE209.J02');
INSERT INTO `sv_lophoc` VALUES ('20150040', 'IE209.J02');
INSERT INTO `sv_lophoc` VALUES ('20150005', 'IE209.K01');
INSERT INTO `sv_lophoc` VALUES ('20150006', 'IE209.K01');
INSERT INTO `sv_lophoc` VALUES ('20150007', 'IE209.K01');
INSERT INTO `sv_lophoc` VALUES ('20150008', 'IE209.K01');
INSERT INTO `sv_lophoc` VALUES ('20160001', 'IE209.K01');
INSERT INTO `sv_lophoc` VALUES ('20160002', 'IE209.K01');
INSERT INTO `sv_lophoc` VALUES ('20160003', 'IE209.K01');
INSERT INTO `sv_lophoc` VALUES ('20160004', 'IE209.K01');
INSERT INTO `sv_lophoc` VALUES ('20160005', 'IE209.K01');
INSERT INTO `sv_lophoc` VALUES ('20160006', 'IE209.K01');
INSERT INTO `sv_lophoc` VALUES ('20160007', 'IE209.K01');
INSERT INTO `sv_lophoc` VALUES ('20160008', 'IE209.K01');
INSERT INTO `sv_lophoc` VALUES ('20160009', 'IE209.K01');
INSERT INTO `sv_lophoc` VALUES ('20160010', 'IE209.K01');
INSERT INTO `sv_lophoc` VALUES ('20160011', 'IE209.K01');
INSERT INTO `sv_lophoc` VALUES ('20160012', 'IE209.K01');
INSERT INTO `sv_lophoc` VALUES ('20160013', 'IE209.K01');
INSERT INTO `sv_lophoc` VALUES ('20160014', 'IE209.K01');
INSERT INTO `sv_lophoc` VALUES ('20160015', 'IE209.K01');
INSERT INTO `sv_lophoc` VALUES ('20160016', 'IE209.K01');
INSERT INTO `sv_lophoc` VALUES ('20160017', 'IE209.K01');
INSERT INTO `sv_lophoc` VALUES ('20160018', 'IE209.K01');
INSERT INTO `sv_lophoc` VALUES ('20160019', 'IE209.K01');
INSERT INTO `sv_lophoc` VALUES ('20160020', 'IE209.K01');
INSERT INTO `sv_lophoc` VALUES ('20160021', 'IE209.K02');
INSERT INTO `sv_lophoc` VALUES ('20160022', 'IE209.K02');
INSERT INTO `sv_lophoc` VALUES ('20160023', 'IE209.K02');
INSERT INTO `sv_lophoc` VALUES ('20160024', 'IE209.K02');
INSERT INTO `sv_lophoc` VALUES ('20160025', 'IE209.K02');
INSERT INTO `sv_lophoc` VALUES ('20160026', 'IE209.K02');
INSERT INTO `sv_lophoc` VALUES ('20160027', 'IE209.K02');
INSERT INTO `sv_lophoc` VALUES ('20160028', 'IE209.K02');
INSERT INTO `sv_lophoc` VALUES ('20160029', 'IE209.K02');
INSERT INTO `sv_lophoc` VALUES ('20160030', 'IE209.K02');
INSERT INTO `sv_lophoc` VALUES ('20160031', 'IE209.K02');
INSERT INTO `sv_lophoc` VALUES ('20160032', 'IE209.K02');
INSERT INTO `sv_lophoc` VALUES ('20160033', 'IE209.K02');
INSERT INTO `sv_lophoc` VALUES ('20160034', 'IE209.K02');
INSERT INTO `sv_lophoc` VALUES ('20160035', 'IE209.K02');
INSERT INTO `sv_lophoc` VALUES ('20160036', 'IE209.K02');
INSERT INTO `sv_lophoc` VALUES ('20160037', 'IE209.K02');
INSERT INTO `sv_lophoc` VALUES ('20160038', 'IE209.K02');
INSERT INTO `sv_lophoc` VALUES ('20160039', 'IE209.K02');
INSERT INTO `sv_lophoc` VALUES ('20160040', 'IE209.K02');
INSERT INTO `sv_lophoc` VALUES ('20170001', 'IE209.L01');
INSERT INTO `sv_lophoc` VALUES ('20170002', 'IE209.L01');
INSERT INTO `sv_lophoc` VALUES ('20170003', 'IE209.L01');
INSERT INTO `sv_lophoc` VALUES ('20170004', 'IE209.L01');
INSERT INTO `sv_lophoc` VALUES ('20170005', 'IE209.L01');
INSERT INTO `sv_lophoc` VALUES ('20170006', 'IE209.L01');
INSERT INTO `sv_lophoc` VALUES ('20170007', 'IE209.L01');
INSERT INTO `sv_lophoc` VALUES ('20170008', 'IE209.L01');
INSERT INTO `sv_lophoc` VALUES ('20170009', 'IE209.L01');
INSERT INTO `sv_lophoc` VALUES ('20170010', 'IE209.L01');
INSERT INTO `sv_lophoc` VALUES ('20170011', 'IE209.L01');
INSERT INTO `sv_lophoc` VALUES ('20170012', 'IE209.L01');
INSERT INTO `sv_lophoc` VALUES ('20170013', 'IE209.L01');
INSERT INTO `sv_lophoc` VALUES ('20170014', 'IE209.L01');
INSERT INTO `sv_lophoc` VALUES ('20170015', 'IE209.L01');
INSERT INTO `sv_lophoc` VALUES ('20170016', 'IE209.L01');
INSERT INTO `sv_lophoc` VALUES ('20170017', 'IE209.L01');
INSERT INTO `sv_lophoc` VALUES ('20170018', 'IE209.L01');
INSERT INTO `sv_lophoc` VALUES ('20170019', 'IE209.L01');
INSERT INTO `sv_lophoc` VALUES ('20170020', 'IE209.L01');
INSERT INTO `sv_lophoc` VALUES ('17521110', 'IE209.L02');
INSERT INTO `sv_lophoc` VALUES ('20170021', 'IE209.L02');
INSERT INTO `sv_lophoc` VALUES ('20170022', 'IE209.L02');
INSERT INTO `sv_lophoc` VALUES ('20170023', 'IE209.L02');
INSERT INTO `sv_lophoc` VALUES ('20170024', 'IE209.L02');
INSERT INTO `sv_lophoc` VALUES ('20170025', 'IE209.L02');
INSERT INTO `sv_lophoc` VALUES ('20170026', 'IE209.L02');
INSERT INTO `sv_lophoc` VALUES ('20170027', 'IE209.L02');
INSERT INTO `sv_lophoc` VALUES ('20170028', 'IE209.L02');
INSERT INTO `sv_lophoc` VALUES ('20170029', 'IE209.L02');
INSERT INTO `sv_lophoc` VALUES ('20170030', 'IE209.L02');
INSERT INTO `sv_lophoc` VALUES ('20170031', 'IE209.L02');
INSERT INTO `sv_lophoc` VALUES ('20170032', 'IE209.L02');
INSERT INTO `sv_lophoc` VALUES ('20170033', 'IE209.L02');
INSERT INTO `sv_lophoc` VALUES ('20170034', 'IE209.L02');
INSERT INTO `sv_lophoc` VALUES ('20170035', 'IE209.L02');
INSERT INTO `sv_lophoc` VALUES ('20170036', 'IE209.L02');
INSERT INTO `sv_lophoc` VALUES ('20170037', 'IE209.L02');
INSERT INTO `sv_lophoc` VALUES ('20170038', 'IE209.L02');
INSERT INTO `sv_lophoc` VALUES ('20170039', 'IE209.L02');
INSERT INTO `sv_lophoc` VALUES ('20170040', 'IE209.L02');
INSERT INTO `sv_lophoc` VALUES ('20150021', 'IT001.J01');
INSERT INTO `sv_lophoc` VALUES ('20150022', 'IT001.J01');
INSERT INTO `sv_lophoc` VALUES ('20150023', 'IT001.J01');
INSERT INTO `sv_lophoc` VALUES ('20150024', 'IT001.J01');
INSERT INTO `sv_lophoc` VALUES ('20150031', 'IT001.J01');
INSERT INTO `sv_lophoc` VALUES ('20150032', 'IT001.J01');
INSERT INTO `sv_lophoc` VALUES ('20150033', 'IT001.J01');
INSERT INTO `sv_lophoc` VALUES ('20150034', 'IT001.J01');
INSERT INTO `sv_lophoc` VALUES ('20150035', 'IT001.J01');
INSERT INTO `sv_lophoc` VALUES ('20150036', 'IT001.J01');
INSERT INTO `sv_lophoc` VALUES ('20150037', 'IT001.J01');
INSERT INTO `sv_lophoc` VALUES ('20150038', 'IT001.J01');
INSERT INTO `sv_lophoc` VALUES ('20150039', 'IT001.J01');
INSERT INTO `sv_lophoc` VALUES ('20150040', 'IT001.J01');
INSERT INTO `sv_lophoc` VALUES ('20150001', 'IT001.J02');
INSERT INTO `sv_lophoc` VALUES ('20150002', 'IT001.J02');
INSERT INTO `sv_lophoc` VALUES ('20150003', 'IT001.J02');
INSERT INTO `sv_lophoc` VALUES ('20150004', 'IT001.J02');
INSERT INTO `sv_lophoc` VALUES ('20150005', 'IT001.J02');
INSERT INTO `sv_lophoc` VALUES ('20150006', 'IT001.J02');
INSERT INTO `sv_lophoc` VALUES ('20150007', 'IT001.J02');
INSERT INTO `sv_lophoc` VALUES ('20150008', 'IT001.J02');
INSERT INTO `sv_lophoc` VALUES ('20150009', 'IT001.J02');
INSERT INTO `sv_lophoc` VALUES ('20150010', 'IT001.J02');
INSERT INTO `sv_lophoc` VALUES ('20150011', 'IT001.J02');
INSERT INTO `sv_lophoc` VALUES ('20150012', 'IT001.J02');
INSERT INTO `sv_lophoc` VALUES ('20150013', 'IT001.J02');
INSERT INTO `sv_lophoc` VALUES ('20150014', 'IT001.J02');
INSERT INTO `sv_lophoc` VALUES ('20150015', 'IT001.J02');
INSERT INTO `sv_lophoc` VALUES ('20150016', 'IT001.J02');
INSERT INTO `sv_lophoc` VALUES ('20150017', 'IT001.J02');
INSERT INTO `sv_lophoc` VALUES ('20150018', 'IT001.J02');
INSERT INTO `sv_lophoc` VALUES ('20150019', 'IT001.J02');
INSERT INTO `sv_lophoc` VALUES ('20150020', 'IT001.J02');
INSERT INTO `sv_lophoc` VALUES ('20160021', 'IT001.K01');
INSERT INTO `sv_lophoc` VALUES ('20160022', 'IT001.K01');
INSERT INTO `sv_lophoc` VALUES ('20160023', 'IT001.K01');
INSERT INTO `sv_lophoc` VALUES ('20160024', 'IT001.K01');
INSERT INTO `sv_lophoc` VALUES ('20160025', 'IT001.K01');
INSERT INTO `sv_lophoc` VALUES ('20160026', 'IT001.K01');
INSERT INTO `sv_lophoc` VALUES ('20160027', 'IT001.K01');
INSERT INTO `sv_lophoc` VALUES ('20160028', 'IT001.K01');
INSERT INTO `sv_lophoc` VALUES ('20160029', 'IT001.K01');
INSERT INTO `sv_lophoc` VALUES ('20160030', 'IT001.K01');
INSERT INTO `sv_lophoc` VALUES ('20160031', 'IT001.K01');
INSERT INTO `sv_lophoc` VALUES ('20160032', 'IT001.K01');
INSERT INTO `sv_lophoc` VALUES ('20160033', 'IT001.K01');
INSERT INTO `sv_lophoc` VALUES ('20160034', 'IT001.K01');
INSERT INTO `sv_lophoc` VALUES ('20160035', 'IT001.K01');
INSERT INTO `sv_lophoc` VALUES ('20160036', 'IT001.K01');
INSERT INTO `sv_lophoc` VALUES ('20160037', 'IT001.K01');
INSERT INTO `sv_lophoc` VALUES ('20160038', 'IT001.K01');
INSERT INTO `sv_lophoc` VALUES ('20160039', 'IT001.K01');
INSERT INTO `sv_lophoc` VALUES ('20160040', 'IT001.K01');
INSERT INTO `sv_lophoc` VALUES ('20150021', 'IT001.K02');
INSERT INTO `sv_lophoc` VALUES ('20150022', 'IT001.K02');
INSERT INTO `sv_lophoc` VALUES ('20150023', 'IT001.K02');
INSERT INTO `sv_lophoc` VALUES ('20150024', 'IT001.K02');
INSERT INTO `sv_lophoc` VALUES ('20150025', 'IT001.K02');
INSERT INTO `sv_lophoc` VALUES ('20150026', 'IT001.K02');
INSERT INTO `sv_lophoc` VALUES ('20150027', 'IT001.K02');
INSERT INTO `sv_lophoc` VALUES ('20150028', 'IT001.K02');
INSERT INTO `sv_lophoc` VALUES ('20150029', 'IT001.K02');
INSERT INTO `sv_lophoc` VALUES ('20150030', 'IT001.K02');
INSERT INTO `sv_lophoc` VALUES ('20150031', 'IT001.K02');
INSERT INTO `sv_lophoc` VALUES ('20150032', 'IT001.K02');
INSERT INTO `sv_lophoc` VALUES ('20150033', 'IT001.K02');
INSERT INTO `sv_lophoc` VALUES ('20150034', 'IT001.K02');
INSERT INTO `sv_lophoc` VALUES ('20150035', 'IT001.K02');
INSERT INTO `sv_lophoc` VALUES ('20150036', 'IT001.K02');
INSERT INTO `sv_lophoc` VALUES ('20150037', 'IT001.K02');
INSERT INTO `sv_lophoc` VALUES ('20150038', 'IT001.K02');
INSERT INTO `sv_lophoc` VALUES ('20150039', 'IT001.K02');
INSERT INTO `sv_lophoc` VALUES ('20150040', 'IT001.K02');
INSERT INTO `sv_lophoc` VALUES ('20160001', 'IT001.K02');
INSERT INTO `sv_lophoc` VALUES ('20160002', 'IT001.K02');
INSERT INTO `sv_lophoc` VALUES ('20160003', 'IT001.K02');
INSERT INTO `sv_lophoc` VALUES ('20160004', 'IT001.K02');
INSERT INTO `sv_lophoc` VALUES ('20160005', 'IT001.K02');
INSERT INTO `sv_lophoc` VALUES ('20160006', 'IT001.K02');
INSERT INTO `sv_lophoc` VALUES ('20160007', 'IT001.K02');
INSERT INTO `sv_lophoc` VALUES ('20160008', 'IT001.K02');
INSERT INTO `sv_lophoc` VALUES ('20160009', 'IT001.K02');
INSERT INTO `sv_lophoc` VALUES ('20160010', 'IT001.K02');
INSERT INTO `sv_lophoc` VALUES ('20160011', 'IT001.K02');
INSERT INTO `sv_lophoc` VALUES ('20160012', 'IT001.K02');
INSERT INTO `sv_lophoc` VALUES ('20160013', 'IT001.K02');
INSERT INTO `sv_lophoc` VALUES ('20160014', 'IT001.K02');
INSERT INTO `sv_lophoc` VALUES ('20160015', 'IT001.K02');
INSERT INTO `sv_lophoc` VALUES ('20160016', 'IT001.K02');
INSERT INTO `sv_lophoc` VALUES ('20160017', 'IT001.K02');
INSERT INTO `sv_lophoc` VALUES ('20160018', 'IT001.K02');
INSERT INTO `sv_lophoc` VALUES ('20160019', 'IT001.K02');
INSERT INTO `sv_lophoc` VALUES ('20160020', 'IT001.K02');
INSERT INTO `sv_lophoc` VALUES ('17521110', 'IT001.L01');
INSERT INTO `sv_lophoc` VALUES ('20170021', 'IT001.L01');
INSERT INTO `sv_lophoc` VALUES ('20170022', 'IT001.L01');
INSERT INTO `sv_lophoc` VALUES ('20170023', 'IT001.L01');
INSERT INTO `sv_lophoc` VALUES ('20170024', 'IT001.L01');
INSERT INTO `sv_lophoc` VALUES ('20170025', 'IT001.L01');
INSERT INTO `sv_lophoc` VALUES ('20170026', 'IT001.L01');
INSERT INTO `sv_lophoc` VALUES ('20170027', 'IT001.L01');
INSERT INTO `sv_lophoc` VALUES ('20170028', 'IT001.L01');
INSERT INTO `sv_lophoc` VALUES ('20170029', 'IT001.L01');
INSERT INTO `sv_lophoc` VALUES ('20170030', 'IT001.L01');
INSERT INTO `sv_lophoc` VALUES ('20170031', 'IT001.L01');
INSERT INTO `sv_lophoc` VALUES ('20170032', 'IT001.L01');
INSERT INTO `sv_lophoc` VALUES ('20170033', 'IT001.L01');
INSERT INTO `sv_lophoc` VALUES ('20170034', 'IT001.L01');
INSERT INTO `sv_lophoc` VALUES ('20170035', 'IT001.L01');
INSERT INTO `sv_lophoc` VALUES ('20170036', 'IT001.L01');
INSERT INTO `sv_lophoc` VALUES ('20170037', 'IT001.L01');
INSERT INTO `sv_lophoc` VALUES ('20170038', 'IT001.L01');
INSERT INTO `sv_lophoc` VALUES ('20170039', 'IT001.L01');
INSERT INTO `sv_lophoc` VALUES ('20170040', 'IT001.L01');
INSERT INTO `sv_lophoc` VALUES ('20150025', 'IT001.L02');
INSERT INTO `sv_lophoc` VALUES ('20150026', 'IT001.L02');
INSERT INTO `sv_lophoc` VALUES ('20150027', 'IT001.L02');
INSERT INTO `sv_lophoc` VALUES ('20150028', 'IT001.L02');
INSERT INTO `sv_lophoc` VALUES ('20150029', 'IT001.L02');
INSERT INTO `sv_lophoc` VALUES ('20150030', 'IT001.L02');
INSERT INTO `sv_lophoc` VALUES ('20170001', 'IT001.L02');
INSERT INTO `sv_lophoc` VALUES ('20170002', 'IT001.L02');
INSERT INTO `sv_lophoc` VALUES ('20170003', 'IT001.L02');
INSERT INTO `sv_lophoc` VALUES ('20170004', 'IT001.L02');
INSERT INTO `sv_lophoc` VALUES ('20170005', 'IT001.L02');
INSERT INTO `sv_lophoc` VALUES ('20170006', 'IT001.L02');
INSERT INTO `sv_lophoc` VALUES ('20170007', 'IT001.L02');
INSERT INTO `sv_lophoc` VALUES ('20170008', 'IT001.L02');
INSERT INTO `sv_lophoc` VALUES ('20170009', 'IT001.L02');
INSERT INTO `sv_lophoc` VALUES ('20170010', 'IT001.L02');
INSERT INTO `sv_lophoc` VALUES ('20170011', 'IT001.L02');
INSERT INTO `sv_lophoc` VALUES ('20170012', 'IT001.L02');
INSERT INTO `sv_lophoc` VALUES ('20170013', 'IT001.L02');
INSERT INTO `sv_lophoc` VALUES ('20170014', 'IT001.L02');
INSERT INTO `sv_lophoc` VALUES ('20170015', 'IT001.L02');
INSERT INTO `sv_lophoc` VALUES ('20170016', 'IT001.L02');
INSERT INTO `sv_lophoc` VALUES ('20170017', 'IT001.L02');
INSERT INTO `sv_lophoc` VALUES ('20170018', 'IT001.L02');
INSERT INTO `sv_lophoc` VALUES ('20170019', 'IT001.L02');
INSERT INTO `sv_lophoc` VALUES ('20170020', 'IT001.L02');
INSERT INTO `sv_lophoc` VALUES ('20150001', 'IT002.K01');
INSERT INTO `sv_lophoc` VALUES ('20150002', 'IT002.K01');
INSERT INTO `sv_lophoc` VALUES ('20150003', 'IT002.K01');
INSERT INTO `sv_lophoc` VALUES ('20150004', 'IT002.K01');
INSERT INTO `sv_lophoc` VALUES ('20150005', 'IT002.K01');
INSERT INTO `sv_lophoc` VALUES ('20150006', 'IT002.K01');
INSERT INTO `sv_lophoc` VALUES ('20150007', 'IT002.K01');
INSERT INTO `sv_lophoc` VALUES ('20150008', 'IT002.K01');
INSERT INTO `sv_lophoc` VALUES ('20150009', 'IT002.K01');
INSERT INTO `sv_lophoc` VALUES ('20150010', 'IT002.K01');
INSERT INTO `sv_lophoc` VALUES ('20150011', 'IT002.K01');
INSERT INTO `sv_lophoc` VALUES ('20150012', 'IT002.K01');
INSERT INTO `sv_lophoc` VALUES ('20150013', 'IT002.K01');
INSERT INTO `sv_lophoc` VALUES ('20150014', 'IT002.K01');
INSERT INTO `sv_lophoc` VALUES ('20150015', 'IT002.K01');
INSERT INTO `sv_lophoc` VALUES ('20150016', 'IT002.K01');
INSERT INTO `sv_lophoc` VALUES ('20150017', 'IT002.K01');
INSERT INTO `sv_lophoc` VALUES ('20150018', 'IT002.K01');
INSERT INTO `sv_lophoc` VALUES ('20150019', 'IT002.K01');
INSERT INTO `sv_lophoc` VALUES ('20150020', 'IT002.K01');
INSERT INTO `sv_lophoc` VALUES ('20160001', 'IT002.L01');
INSERT INTO `sv_lophoc` VALUES ('20160002', 'IT002.L01');
INSERT INTO `sv_lophoc` VALUES ('20160003', 'IT002.L01');
INSERT INTO `sv_lophoc` VALUES ('20160004', 'IT002.L01');
INSERT INTO `sv_lophoc` VALUES ('20160005', 'IT002.L01');
INSERT INTO `sv_lophoc` VALUES ('20160006', 'IT002.L01');
INSERT INTO `sv_lophoc` VALUES ('20160007', 'IT002.L01');
INSERT INTO `sv_lophoc` VALUES ('20160008', 'IT002.L01');
INSERT INTO `sv_lophoc` VALUES ('20160009', 'IT002.L01');
INSERT INTO `sv_lophoc` VALUES ('20160010', 'IT002.L01');
INSERT INTO `sv_lophoc` VALUES ('20160011', 'IT002.L01');
INSERT INTO `sv_lophoc` VALUES ('20160012', 'IT002.L01');
INSERT INTO `sv_lophoc` VALUES ('20160013', 'IT002.L01');
INSERT INTO `sv_lophoc` VALUES ('20160014', 'IT002.L01');
INSERT INTO `sv_lophoc` VALUES ('20160015', 'IT002.L01');
INSERT INTO `sv_lophoc` VALUES ('20160016', 'IT002.L01');
INSERT INTO `sv_lophoc` VALUES ('20160017', 'IT002.L01');
INSERT INTO `sv_lophoc` VALUES ('20160018', 'IT002.L01');
INSERT INTO `sv_lophoc` VALUES ('20160019', 'IT002.L01');
INSERT INTO `sv_lophoc` VALUES ('20160020', 'IT002.L01');
INSERT INTO `sv_lophoc` VALUES ('20160021', 'IT002.L02');
INSERT INTO `sv_lophoc` VALUES ('20160022', 'IT002.L02');
INSERT INTO `sv_lophoc` VALUES ('20160023', 'IT002.L02');
INSERT INTO `sv_lophoc` VALUES ('20160024', 'IT002.L02');
INSERT INTO `sv_lophoc` VALUES ('20160025', 'IT002.L02');
INSERT INTO `sv_lophoc` VALUES ('20160026', 'IT002.L02');
INSERT INTO `sv_lophoc` VALUES ('20160027', 'IT002.L02');
INSERT INTO `sv_lophoc` VALUES ('20160028', 'IT002.L02');
INSERT INTO `sv_lophoc` VALUES ('20160029', 'IT002.L02');
INSERT INTO `sv_lophoc` VALUES ('20160030', 'IT002.L02');
INSERT INTO `sv_lophoc` VALUES ('20160031', 'IT002.L02');
INSERT INTO `sv_lophoc` VALUES ('20160032', 'IT002.L02');
INSERT INTO `sv_lophoc` VALUES ('20160033', 'IT002.L02');
INSERT INTO `sv_lophoc` VALUES ('20160034', 'IT002.L02');
INSERT INTO `sv_lophoc` VALUES ('20160035', 'IT002.L02');
INSERT INTO `sv_lophoc` VALUES ('20160036', 'IT002.L02');
INSERT INTO `sv_lophoc` VALUES ('20160037', 'IT002.L02');
INSERT INTO `sv_lophoc` VALUES ('20160038', 'IT002.L02');
INSERT INTO `sv_lophoc` VALUES ('20160039', 'IT002.L02');
INSERT INTO `sv_lophoc` VALUES ('20160040', 'IT002.L02');

-- ----------------------------
-- Table structure for truongkhoa
-- ----------------------------
DROP TABLE IF EXISTS `truongkhoa`;
CREATE TABLE `truongkhoa`  (
  `matk` varchar(10) CHARACTER SET utf8 COLLATE utf8_unicode_ci NOT NULL,
  `hoten` varchar(255) CHARACTER SET utf8 COLLATE utf8_unicode_ci NULL DEFAULT NULL,
  PRIMARY KEY (`matk`) USING BTREE,
  CONSTRAINT `fk_truongkhoa` FOREIGN KEY (`matk`) REFERENCES `giangvien` (`magv`) ON DELETE RESTRICT ON UPDATE RESTRICT
) ENGINE = InnoDB CHARACTER SET = utf8 COLLATE = utf8_unicode_ci ROW_FORMAT = Dynamic;

-- ----------------------------
-- Records of truongkhoa
-- ----------------------------
INSERT INTO `truongkhoa` VALUES ('GV014', 'Nguyen Thi  N');

-- ----------------------------
-- Triggers structure for table bangdiema2
-- ----------------------------
DROP TRIGGER IF EXISTS `bangdiema2_ins`;
delimiter ;;
CREATE TRIGGER `bangdiema2_ins` BEFORE INSERT ON `bangdiema2` FOR EACH ROW BEGIN
DECLARE mm VARCHAR(10);
DECLARE c1 float(5);
DECLARE c2 float(5);
DECLARE c3 float(5);
SELECT mamon	into mm FROM lophoc WHERE malophoc=new.malop;
SELECT diemcuacau	into c1 FROM cautruca2 WHERE mamon=mm and macau=1;
SELECT diemcuacau	into c2 FROM cautruca2 WHERE mamon=mm and macau=2;
SELECT diemcuacau	into c3 FROM cautruca2 WHERE mamon=mm and macau=3;
		IF (NEW.diemcau1>c1) THEN 
        SIGNAL SQLSTATE '02000' SET MESSAGE_TEXT = 'Loi: Cau 1 vuot qua diem toi da '; 
    END IF;
    IF (NEW.diemcau2>c2) THEN 
        SIGNAL SQLSTATE '02000' SET MESSAGE_TEXT = 'Loi: Cau 2 vuot qua diem toi da '; 
    END IF;
		IF (NEW.diemcau3>c3) THEN 
        SIGNAL SQLSTATE '02000' SET MESSAGE_TEXT = 'Loi: Cau 3 vuot qua diem toi da '; 
    END IF;
END
;;
delimiter ;

-- ----------------------------
-- Triggers structure for table bangdiema2
-- ----------------------------
DROP TRIGGER IF EXISTS `trg_diema2_ins`;
delimiter ;;
CREATE TRIGGER `trg_diema2_ins` BEFORE INSERT ON `bangdiema2` FOR EACH ROW BEGIN
		
		
        SET New.tongdiema2=new.diemcau1+new.diemcau2+new.diemcau3;
   
		IF (new.tongdiema2>10) THEN 
        SIGNAL SQLSTATE '02000' SET MESSAGE_TEXT = 'Loi: Nhap sai diem, tong diem khong the > 10';
    END IF;
END
;;
delimiter ;

-- ----------------------------
-- Triggers structure for table bangdiema2
-- ----------------------------
DROP TRIGGER IF EXISTS `bangdiema2_upd`;
delimiter ;;
CREATE TRIGGER `bangdiema2_upd` BEFORE UPDATE ON `bangdiema2` FOR EACH ROW BEGIN
DECLARE mm VARCHAR(10);
DECLARE c1 float(5);
DECLARE c2 float(5);
DECLARE c3 float(5);
SELECT mamon	into mm FROM lophoc WHERE malophoc=new.malop;
SELECT diemcuacau	into c1 FROM cautruca2 WHERE mamon=mm and macau=1;
SELECT diemcuacau	into c2 FROM cautruca2 WHERE mamon=mm and macau=2;
SELECT diemcuacau	into c3 FROM cautruca2 WHERE mamon=mm and macau=3;
		IF (NEW.diemcau1>c1) THEN 
        SIGNAL SQLSTATE '02000' SET MESSAGE_TEXT = 'Loi: Cau 1 vuot qua diem toi da '; 
    END IF;
    IF (NEW.diemcau2>c2) THEN 
        SIGNAL SQLSTATE '02000' SET MESSAGE_TEXT = 'Loi: Cau 2 vuot qua diem toi da '; 
    END IF;
		IF (NEW.diemcau3>c3) THEN 
        SIGNAL SQLSTATE '02000' SET MESSAGE_TEXT = 'Loi: Cau 3 vuot qua diem toi da '; 
    END IF;
END
;;
delimiter ;

-- ----------------------------
-- Triggers structure for table bangdiema2
-- ----------------------------
DROP TRIGGER IF EXISTS `trg_diema2`;
delimiter ;;
CREATE TRIGGER `trg_diema2` BEFORE UPDATE ON `bangdiema2` FOR EACH ROW BEGIN
		
	    SET New.tongdiema2=new.diemcau1+new.diemcau2+new.diemcau3;
   		IF (new.tongdiema2>10) THEN 
        SIGNAL SQLSTATE '02000' SET MESSAGE_TEXT = 'Loi: Nhap sai diem, tong diem khong the > 10';
    END IF;
END
;;
delimiter ;

-- ----------------------------
-- Triggers structure for table bangdiema4
-- ----------------------------
DROP TRIGGER IF EXISTS `bangdiema4_ins`;
delimiter ;;
CREATE TRIGGER `bangdiema4_ins` BEFORE INSERT ON `bangdiema4` FOR EACH ROW BEGIN
DECLARE mm VARCHAR(10);
DECLARE c1 float(5);
DECLARE c2 float(5);
DECLARE c3 float(5);
SELECT mamon	into mm FROM lophoc WHERE malophoc=new.malop;
SELECT diemcuacau	into c1 FROM cautruca4 WHERE mamon=mm and macau=1;
SELECT diemcuacau	into c2 FROM cautruca4 WHERE mamon=mm and macau=2;
SELECT diemcuacau	into c3 FROM cautruca4 WHERE mamon=mm and macau=3;
		IF (NEW.diemcau1>c1) THEN 
        SIGNAL SQLSTATE '02000' SET MESSAGE_TEXT = 'Loi: Cau 1 vuot qua diem toi da '; 
    END IF;
    IF (NEW.diemcau2>c2) THEN 
        SIGNAL SQLSTATE '02000' SET MESSAGE_TEXT = 'Loi: Cau 2 vuot qua diem toi da '; 
    END IF;
		IF (NEW.diemcau3>c3) THEN 
        SIGNAL SQLSTATE '02000' SET MESSAGE_TEXT = 'Loi: Cau 3 vuot qua diem toi da '; 
    END IF;
END
;;
delimiter ;

-- ----------------------------
-- Triggers structure for table bangdiema4
-- ----------------------------
DROP TRIGGER IF EXISTS `trg_diema4_ins`;
delimiter ;;
CREATE TRIGGER `trg_diema4_ins` BEFORE INSERT ON `bangdiema4` FOR EACH ROW BEGIN
		
        SET New.tongdiema4=new.diemcau1+new.diemcau2+new.diemcau3;
  
		IF (new.tongdiema4>10) THEN 
        SIGNAL SQLSTATE '02000' SET MESSAGE_TEXT = 'Loi: Nhap sai diem, tong diem khong the > 10';
    END IF;
END
;;
delimiter ;

-- ----------------------------
-- Triggers structure for table bangdiema4
-- ----------------------------
DROP TRIGGER IF EXISTS `bangdiema4_upd`;
delimiter ;;
CREATE TRIGGER `bangdiema4_upd` BEFORE UPDATE ON `bangdiema4` FOR EACH ROW BEGIN
DECLARE mm VARCHAR(10);
DECLARE c1 float(5);
DECLARE c2 float(5);
DECLARE c3 float(5);
SELECT mamon	into mm FROM lophoc WHERE malophoc=new.malop;
SELECT diemcuacau	into c1 FROM cautruca4 WHERE mamon=mm and macau=1;
SELECT diemcuacau	into c2 FROM cautruca4 WHERE mamon=mm and macau=2;
SELECT diemcuacau	into c3 FROM cautruca4 WHERE mamon=mm and macau=3;
		IF (NEW.diemcau1>c1) THEN 
        SIGNAL SQLSTATE '02000' SET MESSAGE_TEXT = 'Loi: Cau 1 vuot qua diem toi da '; 
    END IF;
    IF (NEW.diemcau2>c2) THEN 
        SIGNAL SQLSTATE '02000' SET MESSAGE_TEXT = 'Loi: Cau 2 vuot qua diem toi da '; 
    END IF;
		IF (NEW.diemcau3>c3) THEN 
        SIGNAL SQLSTATE '02000' SET MESSAGE_TEXT = 'Loi: Cau 3 vuot qua diem toi da '; 
    END IF;
END
;;
delimiter ;

-- ----------------------------
-- Triggers structure for table bangdiema4
-- ----------------------------
DROP TRIGGER IF EXISTS `trg_diema4_upd`;
delimiter ;;
CREATE TRIGGER `trg_diema4_upd` BEFORE UPDATE ON `bangdiema4` FOR EACH ROW BEGIN
		
        SET New.tongdiema4=new.diemcau1+new.diemcau2+new.diemcau3;
  
		IF (new.tongdiema4>10) THEN 
        SIGNAL SQLSTATE '02000' SET MESSAGE_TEXT = 'Loi: Nhap sai diem, tong diem khong the > 10';
    END IF;
END
;;
delimiter ;

-- ----------------------------
-- Triggers structure for table cautruca1
-- ----------------------------
DROP TRIGGER IF EXISTS `cautruca1_trg_ins`;
delimiter ;;
CREATE TRIGGER `cautruca1_trg_ins` BEFORE INSERT ON `cautruca1` FOR EACH ROW BEGIN
DECLARE ctg1 float(5);
DECLARE ctg2 float(5);
DECLARE ctg3 float(5);
DECLARE ctg4 float(5);
SELECT g1	into ctg1 FROM ai WHERE mamon=new.mamon and ai='A1';
SELECT g2	into ctg2 FROM ai WHERE mamon=new.mamon and ai='A1';
SELECT g3	into ctg3 FROM ai WHERE mamon=new.mamon and ai='A1';
SELECT g4	into ctg4 FROM ai WHERE mamon=new.mamon and ai='A1';
		IF (NEW.g1>0 and ctg1=0) THEN 
        SIGNAL SQLSTATE '02000' SET MESSAGE_TEXT = 'Loi: A1 khong co G1 '; 
    END IF;
		IF (NEW.g2>0 and ctg2=0) THEN 
        SIGNAL SQLSTATE '02000' SET MESSAGE_TEXT = 'Loi: A1 khong co G2 '; 
    END IF;
		IF (NEW.g3>0 and ctg3=0) THEN 
        SIGNAL SQLSTATE '02000' SET MESSAGE_TEXT = 'Loi: A1 khong co G3 '; 
    END IF;
		IF (NEW.g4>0 and ctg4=0) THEN 
        SIGNAL SQLSTATE '02000' SET MESSAGE_TEXT = 'Loi: A1 khong co G4 '; 
    END IF;
		IF (NEW.g1=0 and ctg1>0) THEN 
        SIGNAL SQLSTATE '02000' SET MESSAGE_TEXT = 'Loi: thieu G1 '; 
    END IF;
		IF (NEW.g2=0 and ctg2>0) THEN 
        SIGNAL SQLSTATE '02000' SET MESSAGE_TEXT = 'Loi: thieu G2 '; 
    END IF;
		IF (NEW.g3=0 and ctg3>0) THEN 
        SIGNAL SQLSTATE '02000' SET MESSAGE_TEXT = 'Loi: thieu G3 '; 
    END IF;
		IF (NEW.g4=0 and ctg4>0) THEN 
        SIGNAL SQLSTATE '02000' SET MESSAGE_TEXT = 'Loi: thieu G4 '; 
    END IF;
END
;;
delimiter ;

-- ----------------------------
-- Triggers structure for table cautruca1
-- ----------------------------
DROP TRIGGER IF EXISTS `cautruca1_trg_upd`;
delimiter ;;
CREATE TRIGGER `cautruca1_trg_upd` BEFORE UPDATE ON `cautruca1` FOR EACH ROW BEGIN
DECLARE ctg1 float(5);
DECLARE ctg2 float(5);
DECLARE ctg3 float(5);
DECLARE ctg4 float(5);
SELECT g1	into ctg1 FROM ai WHERE mamon=new.mamon and ai='A1';
SELECT g2	into ctg2 FROM ai WHERE mamon=new.mamon and ai='A1';
SELECT g3	into ctg3 FROM ai WHERE mamon=new.mamon and ai='A1';
SELECT g4	into ctg4 FROM ai WHERE mamon=new.mamon and ai='A1';
		IF (NEW.g1>0 and ctg1=0) THEN 
        SIGNAL SQLSTATE '02000' SET MESSAGE_TEXT = 'Loi: A1 khong co G1 '; 
    END IF;
		IF (NEW.g2>0 and ctg2=0) THEN 
        SIGNAL SQLSTATE '02000' SET MESSAGE_TEXT = 'Loi: A1 khong co G2 '; 
    END IF;
		IF (NEW.g3>0 and ctg3=0) THEN 
        SIGNAL SQLSTATE '02000' SET MESSAGE_TEXT = 'Loi: A1 khong co G3 '; 
    END IF;
		IF (NEW.g4>0 and ctg4=0) THEN 
        SIGNAL SQLSTATE '02000' SET MESSAGE_TEXT = 'Loi: A1 khong co G4 '; 
    END IF;
		IF (NEW.g1=0 and ctg1>0) THEN 
        SIGNAL SQLSTATE '02000' SET MESSAGE_TEXT = 'Loi: thieu G1 '; 
    END IF;
		IF (NEW.g2=0 and ctg2>0) THEN 
        SIGNAL SQLSTATE '02000' SET MESSAGE_TEXT = 'Loi: thieu G2 '; 
    END IF;
		IF (NEW.g3=0 and ctg3>0) THEN 
        SIGNAL SQLSTATE '02000' SET MESSAGE_TEXT = 'Loi: thieu G3 '; 
    END IF;
		IF (NEW.g4=0 and ctg4>0) THEN 
        SIGNAL SQLSTATE '02000' SET MESSAGE_TEXT = 'Loi: thieu G4 '; 
    END IF;
END
;;
delimiter ;

-- ----------------------------
-- Triggers structure for table cautruca2
-- ----------------------------
DROP TRIGGER IF EXISTS `trg_ctdiema2_ins`;
delimiter ;;
CREATE TRIGGER `trg_ctdiema2_ins` BEFORE INSERT ON `cautruca2` FOR EACH ROW BEGIN
	
        SET New.diemcuacau=new.g1+new.g2+new.g3+new.g4;
	
END
;;
delimiter ;

-- ----------------------------
-- Triggers structure for table cautruca2
-- ----------------------------
DROP TRIGGER IF EXISTS `trg_ctdiema2`;
delimiter ;;
CREATE TRIGGER `trg_ctdiema2` BEFORE UPDATE ON `cautruca2` FOR EACH ROW BEGIN
	
        SET New.diemcuacau=new.g1+new.g2+new.g3+new.g4;
	
END
;;
delimiter ;

-- ----------------------------
-- Triggers structure for table cautruca4
-- ----------------------------
DROP TRIGGER IF EXISTS `trg_ctdiema4_ins`;
delimiter ;;
CREATE TRIGGER `trg_ctdiema4_ins` BEFORE INSERT ON `cautruca4` FOR EACH ROW BEGIN
	
        SET New.diemcuacau=new.g1+new.g2+new.g3+new.g4;
	
END
;;
delimiter ;

SET FOREIGN_KEY_CHECKS = 1;
